Cristiano Ronaldo,99,LW,toty
Lionel Messi,98,RW,toty
Pelé,98,CAM,icon
Sergio Ramos,97,CB,toty
Diego Maradona,97,CAM,icon
Lionel Messi,96,ST,eumotm
Cristiano Ronaldo,96,ST,if
Leonardo Bonucci,96,CB,toty
Luka Modrić,96,CM,toty
Kevin De Bruyne,96,CM,toty
Harry Kane,96,ST,toty
Ronaldo,96,ST,icon
Cristiano Ronaldo,95,RW,fut-birthday
Luis Suárez,95,ST,if
Neymar,95,LW,if
N'Golo Kanté,95,CM,toty
Lionel Messi,95,ST,if
Cristiano Ronaldo,95,ST,totgs
Neymar,95,LW,otw
Pelé,95,CF,icon
Diego Maradona,95,CAM,icon
Sergio Agüero,94,ST,potm
Eden Hazard,94,LW,if
Marcelo,94,LB,toty
Luis Suárez,94,ST,if
Neymar,94,LW,if
Lionel Messi,94,RW,hero
Lionel Messi,94,CF,if
Paolo Maldini,94,CB,icon
Ronaldinho,94,LW,icon
Ronaldo,94,ST,icon
Cristiano Ronaldo,94,LW,nif
Gonzalo Higuaín,93,ST,eumotm
Gonzalo Higuaín,93,ST,ptg
Sergio Agüero,93,ST,if
Dani Alves,93,RB,toty
Harry Kane,93,ST,potm
Luis Suárez,93,ST,if
Eden Hazard,93,CAM,totgs
Kevin De Bruyne,93,CM,totgs
Neymar,93,LW,totgs
Lothar Matthäus,93,CM,icon
Marco van Basten,93,ST,icon
Ruud Gullit,93,CF,icon
Thierry Henry,93,ST,icon
Lionel Messi,93,RW,nif
Toni Kroos,92,CM,if
Kaká,92,CAM,sbc-premium
Eden Hazard,92,RW,fut-birthday
Paulo Dybala,92,LW,if
Mohamed Salah,92,RW,potm
Gonzalo Higuaín,92,ST,if
Sergio Agüero,92,ST,if
David Silva,92,CM,if
Edinson Cavani,92,ST,sbc
Eden Hazard,92,CAM,if
Robert Lewandowski,92,ST,if
Kevin De Bruyne,92,CM,if
Paolo Maldini,92,CB,icon
Dennis Bergkamp,92,CF,icon
Alessandro Nesta,92,CB,icon
Javier Zanetti,92,RB,icon
Alessandro Del Piero,92,CF,icon
Carles Puyol,92,CB,icon
Luis Suárez,92,ST,nif
Neymar,92,LW,nif
Gareth Bale,91,CF,if
Christian Eriksen,91,LM,motm
Mohamed Salah,91,RW,if
Antoine Griezmann,91,ST,if
Kevin De Bruyne,91,CAM,nif
Eden Hazard,91,LW,nif
Thiago,91,CM,sbc
Mats Hummels,91,CB,if
Toni Kroos,91,CM,if
Alexis Sánchez,91,LF,if
Paulo Dybala,91,RW,if
Sergio Agüero,91,ST,if
Harry Kane,91,ST,if
Andrea Pirlo,91,CM,sbc-premium
David Silva,91,RM,if
Gonzalo Higuaín,91,ST,if
Mohamed Salah,91,RW,otw
Marco van Basten,91,ST,icon
Laurent Blanc,91,CB,icon
Patrick Kluivert,91,ST,icon
Michael Laudrup,91,CAM,icon
Lothar Matthäus,91,CDM,icon
Gheorghe Hagi,91,CAM,icon
Andriy Shevchenko,91,ST,icon
Marcel Desailly,91,CB,icon
Alan Shearer,91,ST,icon
Robert Pirès,91,LM,icon
Patrick Vieira,91,CM,icon
Michael Owen,91,ST,icon
Roberto Carlos,91,LB,icon
Ronaldinho,91,CAM,icon
Pelé,91,CF,icon
Diego Maradona,91,CAM,icon
Robert Lewandowski,91,ST,nif
Wayne Rooney,90,ST,fut-birthday
Marco Reus,90,CF,fut-birthday
Gareth Bale,90,LB,fut-birthday
Antoine Griezmann,90,ST,eumotm
Edinson Cavani,90,ST,if
Mohamed Salah,90,RW,if
Dries Mertens,90,ST,if
Gareth Bale,90,ST,if
Paul Pogba,90,CM,if
Harry Kane,90,ST,totgs
Christian Eriksen,90,CAM,hero
Mats Hummels,90,CB,if
Alexis Sánchez,90,LF,if
David Silva,90,CM,if
Henrik Larsson,90,ST,icon
Alessandro Nesta,90,CB,icon
Marc Overmars,90,LM,icon
Frank Rijkaard,90,CDM,icon
Luis Hernández,90,ST,icon
Hernán Crespo,90,ST,icon
Jari Litmanen,90,CAM,icon
Dennis Bergkamp,90,CAM,icon
Emmanuel Petit,90,CDM,icon
Filippo Inzaghi,90,ST,icon
Rui Costa,90,CAM,icon
Sergio Agüero,90,ST,if
Paulo Dybala,90,CAM,if
Alessandro Del Piero,90,CF,icon
Carles Puyol,90,CB,icon
Deco,90,CM,icon
Jay-Jay Okocha,90,CAM,icon
Ruud Gullit,90,CM,icon
Rio Ferdinand,90,CB,icon
Ronaldo,90,ST,icon
Thierry Henry,90,LW,icon
Toni Kroos,90,CM,nif
Gonzalo Higuaín,90,ST,nif
Sergio Ramos,90,CB,nif
Eden Hazard,90,LW,nif
Iniesta,89,CM,if
N'Golo Kanté,89,CDM,motm
Mauro Icardi,89,ST,if
Marco Verratti,89,CM,if
Mauro Icardi,89,ST,ptg
Thiago,89,CM,ptg
Thomas Müller,89,RW,if
Mats Hummels,89,CB,nif
Thiago Silva,89,CB,if
Paulo Dybala,89,CAM,nif
David Silva,89,CAM,nif
Arjen Robben,89,RM,motm
Alexis Sánchez,89,LM,nif
Jérôme Boateng,89,CB,if
Alexis Sánchez,89,LM,otw
Marek Hamšík,89,CM,sbc
Zlatan Ibrahimović,89,ST,futmas
Mohamed Salah,89,ST,potm
Mesut Özil,89,RF,if
Antoine Griezmann,89,CAM,if
Paul Pogba,89,CDM,if
Edinson Cavani,89,ST,if
Dries Mertens,89,ST,if
Mesut Özil,89,CAM,scream
Thiago,89,CM,if
Harry Kane,89,ST,potm
Christian Eriksen,89,CAM,if
Harry Kane,89,ST,if
Pierre-Emerick Aubame...,89,ST,if
Alan Shearer,89,ST,icon
Michael Laudrup,89,LW,icon
Gheorghe Hagi,89,CAM,icon
Marco van Basten,89,ST,icon
Laurent Blanc,89,CB,icon
Ronaldinho,89,CAM,icon
Kevin De Bruyne,89,CAM,nif
Sergio Agüero,89,ST,nif
Gareth Bale,89,RW,nif
Luka Modrić,89,CM,nif
Giorgio Chiellini,89,CB,nif
Alexis Sánchez,89,LM,nif
James Rodríguez,88,CAM,if
Zlatan Ibrahimović,88,ST,transfer
Timo Werner,88,ST,eumotm
Robin van Persie,88,ST,fut-birthday
Bastian Schweinsteiger,88,CM,fut-birthday
Azpilicueta,88,RB,fut-birthday
Jordi Alba,88,LW,fut-birthday
Javi Martinez,88,CDM,fut-birthday
Romelu Lukaku,88,ST,if
Edinson Cavani,88,ST,nif
Ciro Immobile,88,ST,eumotm
Thomas Müller,88,RM,eumotm
Christian Eriksen,88,CAM,nif
Harry Kane,88,ST,nif
Paul Pogba,88,CM,nif
N'Golo Kanté,88,CDM,nif
Jordi Alba,88,LB,if
Pierre-Emerick Aubame...,88,ST,nif
Pierre-Emerick Aubame...,88,ST,otw
Ivan Rakitić,88,CM,motm
Miralem Pjanić,88,CM,if
Jordi Alba,88,LB,futmas
Joshua Kimmich,88,RB,totgs
Casemiro,88,CDM,totgs
Marco Verratti,88,CM,if
Mauro Icardi,88,ST,if
Lorenzo Insigne,88,LW,if
Arturo Vidal,88,CM,if
Iniesta,88,LM,if
Marcel Desailly,88,CDM,icon
Javier Zanetti,88,RB,icon
Frank Rijkaard,88,CB,icon
Andriy Shevchenko,88,ST,icon
Jari Litmanen,88,CAM,icon
Alessandro Nesta,88,CB,icon
Lothar Matthäus,88,CB,icon
Rui Costa,88,CAM,icon
Patrick Kluivert,88,ST,icon
Emmanuel Petit,88,CDM,icon
Marc Overmars,88,LW,icon
Paolo Maldini,88,LB,icon
Dries Mertens,88,ST,if
Leonardo Bonucci,88,CB,otw
Romelu Lukaku,88,ST,otw
James Rodríguez,88,CAM,otw
Robert Pirès,88,LM,icon
Patrick Vieira,88,CM,icon
Michael Owen,88,ST,icon
Roberto Carlos,88,LB,icon
Rio Ferdinand,88,CB,icon
Thiago,88,CM,nif
Jérôme Boateng,88,CB,nif
Antoine Griezmann,88,ST,nif
Mesut Özil,88,CAM,nif
Mats Hummels,88,CB,nif
Leonardo Bonucci,88,CB,nif
Arjen Robben,88,RM,nif
Thiago Silva,88,CB,nif
Zlatan Ibrahimović,88,ST,nif
Pierre-Emerick Aubame...,88,ST,nif
Diego Godín,88,CB,nif
Paulo Dybala,88,CAM,nif
Marko Arnautović,87,LW,if
Quaresma,87,LM,if
Miranda,87,CB,if
David Alaba,87,LWB,if
Edin Džeko,87,ST,eumotm
Ángel Di María,87,CAM,fut-birthday
David Alaba,87,CM,fut-birthday
Michy Batshuayi,87,ST,if
Franck Ribéry,87,LM,if
Sergej Milinković-Savić,87,CM,ptg
Isco,87,CM,ptg
Raheem Sterling,87,CAM,ptg
Alex Sandro,87,LB,ptg
Willian,87,RW,ptg
Roberto Firmino,87,ST,ptg
Sergio Busquets,87,CDM,nif
Coutinho,87,LW,nif
Jordi Alba,87,LB,nif
Ángel Di María,87,LW,motm
Sergej Milinković-Savić,87,CM,if
Karim Benzema,87,ST,if
Lorenzo Insigne,87,LW,nif
Dries Mertens,87,CF,nif
Timo Werner,87,ST,eumotm
Sadio Mané,87,LW,eumotm
Willian,87,RW,motm
Alex Sandro,87,LW,if
Parejo,87,CM,if
Roberto Firmino,87,ST,if
Michy Batshuayi,87,ST,otw
Naldo,87,CB,if
Coutinho,87,LW,otw
Thomas Müller,87,CAM,if
James Rodríguez,87,CM,if
Heung Min Son,87,LM,if
Ciro Immobile,87,ST,if
Medhi Benatia,87,CB,if
Radja Nainggolan,87,CM,futmas
Azpilicueta,87,CB,futmas
Nicolás Otamendi,87,CB,if
Ivan Perišić,87,LM,if
Coutinho,87,LW,if
Raheem Sterling,87,RW,if
Casemiro,87,CDM,if
Radja Nainggolan,87,CM,if
Shkodran Mustafi,87,CB,if
Leroy Sané,87,LW,potm
Romelu Lukaku,87,ST,if
Mohamed Salah,87,ST,if
Franck Ribéry,87,LM,scream
Karim Benzema,87,ST,scream
Joshua Kimmich,87,RB,if
Mauro Icardi,87,ST,if
Isco,87,CAM,if
Morata,87,ST,otw
Sadio Mané,87,LW,potm
Azpilicueta,87,CB,if
Miralem Pjanić,87,CDM,if
Morata,87,ST,if
Alan Shearer,87,ST,icon
Marcel Desailly,87,CB,icon
Javier Zanetti,87,LB,icon
Filippo Inzaghi,87,ST,icon
Luis Hernández,87,ST,icon
Hernán Crespo,87,ST,icon
Dennis Bergkamp,87,CF,icon
Henrik Larsson,87,ST,icon
Alessandro Del Piero,87,CF,icon
Deco,87,CAM,icon
Jay-Jay Okocha,87,RM,icon
Thierry Henry,87,LW,icon
Edinson Cavani,87,ST,nif
Paul Pogba,87,CM,nif
N'Golo Kanté,87,CDM,nif
Ivan Rakitić,87,CM,nif
David Silva,87,CAM,nif
Marek Hamšík,87,CM,nif
Piqué,87,CB,nif
Marcelo,87,LB,nif
Christian Eriksen,87,CAM,nif
Marco Verratti,87,CM,nif
Iniesta,87,CM,nif
Arturo Vidal,87,CDM,nif
Matthijs de Ligt,86,CB,if
Kyle Walker,86,CB,if
Nemanja Matić,86,CDM,motm
Juanfran,86,RB,eumotm
Wissam Ben Yedder,86,ST,eumotm
Yaya Touré,86,CM,fut-birthday
Sadio Mané,86,CF,fut-birthday
Riyad Mahrez,86,CF,fut-birthday
Alessandro Florenzi,86,CM,fut-birthday
Julian Draxler,86,CAM,fut-birthday
İlkay Gündoğan,86,CM,ptg
Edin Džeko,86,ST,if
Jonas,86,ST,if
Franco Vázquez,86,CAM,if
Leroy Sané,86,LW,if
Filipe Luís,86,LB,nif
Casemiro,86,CDM,nif
Anderson Talisca,86,CAM,motm
Quaresma,86,RM,if
Vincent Kompany,86,CB,motm
Mauro Icardi,86,ST,nif
Ivan Perišić,86,LM,nif
Miralem Pjanić,86,CM,nif
İlkay Gündoğan,86,CM,eumotm
Michy Batshuayi,86,ST,eumotm
Azpilicueta,86,CB,nif
Kamil Glik,86,CB,if
Marco Asensio,86,LM,if
Giacomo Bonaventura,86,CM,if
Marlos,86,RM,if
Giuliano,86,CAM,if
Andrej Kramarić,86,ST,if
Jan Vertonghen,86,CB,if
Florian Thauvin,86,RM,if
Henrikh Mkhitaryan,86,LM,if
Diego Costa,86,ST,otw
Ángel Di María,86,RW,if
Henrikh Mkhitaryan,86,RM,otw
Nacho Fernández,86,CB,if
Matthias Ginter,86,CB,if
Nabil Fekir,86,CAM,if
Sergej Milinković-Savić,86,CM,if
Coutinho,86,LW,transfer
Kalidou Koulibaly,86,CB,if
Yacine Brahimi,86,LM,if
Bas Dost,86,ST,if
Diego Costa,86,ST,nif
Sebastian Giovinco,86,CF,sbc
Willian,86,RW,if
Dele Alli,86,CAM,if
Roberto Firmino,86,ST,if
Marko Arnautović,86,ST,if
Fabinho,86,CDM,futmas
Laurent Koscielny,86,CB,futmas
Raffael,86,CF,if
Ander Herrera,86,CM,futmas
Henrikh Mkhitaryan,86,RM,futmas
Julian Draxler,86,LW,futmas
Kalidou Koulibaly,86,CB,futmas
Riyad Mahrez,86,RM,if
Heung Min Son,86,LM,if
Ricardo Rodríguez,86,LB,totgs
Kylian Mbappé,86,RW,totgs
Iago Aspas,86,ST,if
Omar Al Soma,86,ST,sbc
Medhi Benatia,86,CB,hero
Sadio Mané,86,RW,hero
Leroy Sané,86,LM,ptg
Marco Asensio,86,LW,ptg
Giuliano,86,CM,ptg
Fernandinho,86,CDM,if
Olivier Giroud,86,ST,potm
Nicolás Otamendi,86,CB,if
Vincent Kompany,86,CB,scream
Yannick Carrasco,86,LM,scream
Raheem Sterling,86,RW,if
Ciro Immobile,86,ST,if
Quincy Promes,86,RM,sbc
Blaise Matuidi,86,CM,if
Mohamed Salah,86,RM,hero
Kylian Mbappé,86,ST,otw
Kyle Walker,86,RB,otw
Frank Rijkaard,86,CDM,icon
Andriy Shevchenko,86,ST,icon
Henrik Larsson,86,ST,icon
Marc Overmars,86,LW,icon
Patrick Kluivert,86,ST,icon
André-Pierre Gignac,86,ST,sbc
Quaresma,86,RM,sbc
Falcao,86,ST,if
Shkodran Mustafi,86,CB,if
Carles Puyol,86,RB,icon
Patrick Vieira,86,CM,icon
Michael Owen,86,ST,icon
Roberto Carlos,86,LB,icon
Ruud Gullit,86,CM,icon
Cesc Fàbregas,86,CM,nif
Diego Costa,86,ST,nif
Coutinho,86,LW,nif
David Alaba,86,LB,nif
Dries Mertens,86,CF,nif
Miranda,86,CB,nif
Karim Benzema,86,ST,nif
Javi Martinez,86,CB,nif
James Rodríguez,86,CAM,nif
Romelu Lukaku,86,ST,nif
Toby Alderweireld,86,CB,nif
Thomas Müller,86,CF,nif
Sergio Busquets,86,CDM,nif
Radja Nainggolan,86,CM,nif
David Luiz,86,CB,nif
Alex Sandro,86,LB,nif
Sokratis,86,CB,nif
Pepe,86,CB,nif
Harry Kane,86,ST,nif
Isco,86,CM,nif
Franck Ribéry,86,LM,nif
Marco Reus,86,LM,nif
Sead Kolašinac,85,LWB,if
Paulinho,85,CM,if
Josip Iličić,85,CF,if
Naby Keïta,85,CAM,if
Raúl Albiol,85,CB,if
Danilo Pereira,85,CB,fut-birthday
Yannick Bolasie,85,LM,fut-birthday
Leon Goretzka,85,CM,ptg
Koke,85,CM,nif
Ciro Immobile,85,ST,nif
Medhi Benatia,85,CB,nif
Manuel Fernandes,85,LM,eumotm
Valère Germain,85,ST,eumotm
Fernandinho,85,CDM,nif
Nicolás Otamendi,85,CB,nif
Morata,85,ST,nif
Mohamed Salah,85,RW,nif
Kévin Gameiro,85,ST,if
William Carvalho,85,CDM,if
Alex Telles,85,LB,if
Michy Batshuayi,85,ST,if
Henrikh Mkhitaryan,85,RM,nif
Juanfran,85,RB,if
Quaresma,85,RM,if
Pablo Sarabia,85,RM,motm
Leon Bailey,85,LM,if
Timo Werner,85,ST,if
Daniel Wass,85,RM,if
Luiz Gustavo,85,CDM,if
Naby Keïta,85,CM,futmas
Timo Werner,85,ST,futmas
Naldo,85,CB,if
Virgil van Dijk,85,CB,futmas
Thomas Lemar,85,LM,futmas
Giacomo Bonaventura,85,CM,if
Dani Alves,85,RB,totgs
Roberto Firmino,85,ST,totgs
Diego Valeri,85,CAM,potm
Jonas,85,ST,if
Éver Banega,85,CM,if
Stefan de Vrij,85,CB,if
Javier Pastore,85,CM,if
Andreas Granqvist,85,CB,hero
Javier Pastore,85,CM,ptg
William Carvalho,85,CDM,ptg
Raphaël Varane,85,CB,ptg
Kylian Mbappé,85,RW,if
Parejo,85,CM,if
Riyad Mahrez,85,RM,if
Bas Dost,85,ST,if
Sami Khedira,85,CM,scream
Ivan Perišić,85,CAM,scream
Iago Aspas,85,ST,if
Leon Goretzka,85,CM,if
Yacine Brahimi,85,LM,if
Jari Litmanen,85,CF,icon
Filippo Inzaghi,85,ST,icon
Michael Laudrup,85,CF,icon
Gheorghe Hagi,85,CAM,icon
Rui Costa,85,CAM,icon
Luis Hernández,85,ST,icon
Hernán Crespo,85,ST,icon
Emmanuel Petit,85,LB,icon
Laurent Blanc,85,CAM,icon
Antonio Valencia,85,RB,if
Danilo Pereira,85,CDM,if
Joshua Kimmich,85,RB,if
Alexandre Lacazette,85,ST,otw
Robert Pirès,85,CAM,icon
Deco,85,CAM,icon
Jay-Jay Okocha,85,RM,icon
Rio Ferdinand,85,CB,icon
Alexandre Lacazette,85,ST,nif
Ángel Di María,85,RW,nif
Casemiro,85,CDM,nif
Filipe Luís,85,LB,nif
Miralem Pjanić,85,CM,nif
Jan Vertonghen,85,CB,nif
Henrikh Mkhitaryan,85,RM,nif
Claudio Marchisio,85,CM,nif
İlkay Gündoğan,85,CM,nif
Vincent Kompany,85,CB,nif
Kamil Glik,85,CB,nif
Raphaël Varane,85,CB,nif
Jordi Alba,85,LB,nif
Andrea Barzagli,85,CB,nif
Blaise Matuidi,85,CDM,nif
Azpilicueta,85,CB,nif
Yannick Carrasco,85,LM,nif
Lorenzo Insigne,85,LW,nif
Vincent Aboubakar,84,CAM,if
Jesse Lingard,84,CM,if
Cenk Tosun,84,ST,if
Hakim Ziyech,84,CM,if
Josef Alexander Martínez,84,ST,if
Gelson Martins,84,RM,if
Sead Kolašinac,84,CB,fut-birthday
Keisuke Honda,84,CAM,fut-birthday
Marcus Rashford,84,LM,if
Raúl García,84,CAM,if
Carlos Vela,84,CAM,if
Serge Aurier,84,RB,if
Jonathan Tah,84,CB,if
Carlos Vela,84,RW,ptg
Bernardo Silva,84,RM,ptg
Gelson Martins,84,RW,ptg
Thomas Lemar,84,LW,ptg
Carvajal,84,RB,ptg
Mario Gómez,84,ST,if
Yacine Brahimi,84,LM,nif
Jonas,84,ST,nif
Parejo,84,CM,nif
Iago Aspas,84,RW,nif
Naldo,84,CB,nif
Niklas Süle,84,CB,nif
Joshua Kimmich,84,RB,nif
Santiago Arias,84,RB,if
Fabinho,84,CDM,nif
Thomas Lemar,84,LM,nif
Marquinhos,84,CB,nif
Nabil Fekir,84,CAM,nif
Kylian Mbappé,84,ST,nif
Stefan de Vrij,84,CB,nif
Branislav Ivanović,84,RB,eumotm
Raheem Sterling,84,RW,nif
Leroy Sané,84,LW,nif
Nemanja Matić,84,CDM,nif
Riyad Mahrez,84,RM,nif
Kyle Walker,84,RB,nif
Roberto Firmino,84,ST,nif
André-Pierre Gignac,84,ST,if
Canales,84,CAM,if
Matthijs de Ligt,84,CB,if
Stevan Jovetić,84,ST,if
Federico Bernardeschi,84,RM,if
Franco Vázquez,84,CAM,motm
Nathan Aké,84,CB,if
Aaron Ramsey,84,CM,if
Illarramendi,84,CM,if
Aymeric Laporte,84,CB,nif
Cenk Tosun,84,ST,otw
Aymeric Laporte,84,CB,otw
Nils Petersen,84,ST,if
Filip Kostić,84,CF,if
Mario Balotelli,84,ST,if
Anderson Talisca,84,CAM,if
Callum Wilson,84,ST,if
Manuel Lanzini,84,CF,if
Sergi Roberto,84,RB,if
Dejan Lovren,84,CB,if
Hirving Lozano,84,RW,if
Iñigo Martínez,84,LB,if
Danny Rose,84,LB,futmas
Georginio Wijnaldum,84,CM,futmas
Jamie Vardy,84,ST,futmas
Thomas Meunier,84,RB,futmas
Paulinho,84,CM,futmas
Pizzi,84,CM,if
Aaron Mooy,84,CM,if
Sergej Milinković-Savić,84,CM,if
Šime Vrsaljko,84,RB,if
Marcos Alonso,84,LWB,if
Domenico Berardi,84,RW,futmas
Jozy Altidore,84,ST,hero
Nacho Fernández,84,CB,if
Younès Belhanda,84,CAM,if
Saúl,84,CM,if
Quincy Promes,84,LM,if
Wissam Ben Yedder,84,ST,totgs
Ashley Young,84,LWB,if
Wayne Rooney,84,CM,if
Giuliano,84,CAM,if
Marlos,84,RM,if
Matthias Ginter,84,CB,if
Raffael,84,CF,if
Max Kruse,84,ST,if
Dante,84,CB,if
Ricardo Rodríguez,84,LB,hero
Corentin Tolisso,84,CDM,if
Heung Min Son,84,ST,if
Mario Gómez,84,ST,ptg
Alejandro Gómez,84,LM,ptg
Dimitri Payet,84,LM,ptg
Gabriel Jesus,84,ST,ptg
Saúl,84,CM,ptg
Marcus Rashford,84,LM,ptg
Marquinhos,84,CB,ptg
Florian Thauvin,84,RW,if
Leighton Baines,84,LB,if
Anders Christiansen,84,CM,potm
Amin Younes,84,LW,sbc
Hilton,84,CB,if
Wilfried Zaha,84,ST,if
Nabil Fekir,84,CAM,if
Gabriel Jesus,84,ST,if
Stephan Lichtsteiner,84,RB,if
Andrej Kramarić,84,RM,if
Marko Arnautović,84,LM,if
Gylfi Sigurðsson,84,CAM,hero
Andriy Yarmolenko,84,RW,if
Marcelo Brozović,84,CAM,if
Thomas Meunier,84,RB,if
Andriy Yarmolenko,84,RW,otw
Gylfi Sigurðsson,84,CAM,otw
Federico Bernardeschi,84,RM,otw
Serge Aurier,84,RB,otw
Corentin Tolisso,84,CM,otw
Cédric Bakambu,84,ST,if
Mathieu Valbuena,84,LM,if
Juan Mata,84,CAM,nif
Aymeric Laporte,84,CB,nif
Shkodran Mustafi,84,CB,nif
Koke,84,CM,nif
Marco Asensio,84,CAM,nif
Julian Draxler,84,LW,nif
Eric Bailly,84,CB,nif
Alejandro Gómez,84,CF,nif
Bruno,84,CM,nif
Dimitri Payet,84,LW,nif
Dani Alves,84,RB,nif
Bernardo Silva,84,RM,nif
Ander Herrera,84,CM,nif
Sami Khedira,84,CM,nif
Laurent Koscielny,84,CB,nif
Medhi Benatia,84,CB,nif
Ivan Perišić,84,LM,nif
Willian,84,RW,nif
Kostas Manolas,84,CB,nif
Gary Cahill,84,CB,nif
Sadio Mané,84,LW,nif
Kevin Strootman,84,CM,nif
Pedro,84,RW,nif
Falcao,84,ST,nif
Aduriz,84,ST,nif
Morata,84,ST,nif
Kalidou Koulibaly,84,CB,nif
Mauro Icardi,84,ST,nif
Dele Alli,84,CAM,nif
Carvajal,84,RB,nif
Edin Džeko,84,ST,nif
Kwadwo Asamoah,83,CM,fut-birthday
Felipe Anderson,83,CAM,fut-birthday
André Schürrle,83,ST,fut-birthday
Rodrigo,83,ST,if
Milan Škriniar,83,CB,if
Ousmane Dembélé,83,RM,ptg
Anthony Martial,83,LM,ptg
Héctor Moreno,83,CB,if
Adrien Silva,83,CM,nif
Giuliano,83,CAM,nif
Sebastian Giovinco,83,CF,nif
Pizzi,83,CM,nif
Quincy Promes,83,RM,nif
Paulinho,83,CM,nif
Saúl,83,CM,nif
Jonathan Viera,83,CM,nif
Leon Goretzka,83,CM,nif
Timo Werner,83,ST,nif
Mario Balotelli,83,ST,nif
Florian Thauvin,83,RW,nif
Sergej Milinković-Savić,83,CM,nif
Juan Cuadrado,83,RM,nif
Raúl Albiol,83,CB,nif
Douglas Costa,83,LM,nif
Fred,83,CDM,eumotm
Heung Min Son,83,LM,nif
Gabriel Jesus,83,ST,nif
Anthony Martial,83,LM,nif
Piotr Zieliński,83,CM,if
Erik Lamela,83,CAM,motm
Cristiano,83,ST,sbc
Theo Walcott,83,RM,if
Fabián Orellana,83,RM,if
Jardel,83,CB,if
João Mário,83,CM,nif
João Mário,83,CM,otw
Theo Walcott,83,RM,otw
Virgil van Dijk,83,CB,otw
Samu Castillejo,83,RM,if
Luis Muriel,83,ST,if
Romain Thomas,83,CB,if
Nacho Monreal,83,LB,if
Alex Oxlade-Chamberlain,83,CM,if
Gonçalo Guedes,83,LM,if
Vitolo,83,LM,nif
Virgil van Dijk,83,CB,nif
Phil Jagielka,83,CB,if
Allan,83,CM,if
Marcelo,83,CB,if
Josip Iličić,83,RF,if
Salomon Kalou,83,LM,if
Luis Muriel,83,ST,futmas
Daniele Rugani,83,CB,futmas
Michail Antonio,83,ST,futmas
Jermain Defoe,83,ST,if
Valère Germain,83,ST,if
Daley Blind,83,LB,totgs
Alex Telles,83,LB,if
Kingsley Coman,83,LM,if
Memphis Depay,83,LW,if
Manuel Fernandes,83,CM,if
Jermain Defoe,83,ST,ptg
Stephan El Shaarawy,83,LW,ptg
Kingsley Coman,83,RM,ptg
Benedikt Höwedes,83,CB,ptg
Emil Forsberg,83,LM,ptg
Rodrigo,83,ST,ptg
Liam Moore,83,CB,sbc
Sead Kolašinac,83,LWB,if
Pablo Sarabia,83,RM,if
Ricardo Pereira,83,RB,if
Michy Batshuayi,83,ST,if
Julian Brandt,83,LM,if
Luiz Gustavo,83,CDM,if
Mateo Kovačić,83,CM,scream
Deulofeu,83,LW,scream
Juan Cuadrado,83,RM,scream
Daniel Sturridge,83,ST,scream
Lars Bender,83,CDM,scream
Fernando Belluschi,83,CAM,if
Andreas Granqvist,83,CB,if
Daniel Wass,83,CM,if
Luis Alberto,83,CF,if
Maicon,83,CB,if
Simone Zaza,83,ST,if
Stephan El Shaarawy,83,LW,if
Adrien Silva,83,CM,nif
William Carvalho,83,CDM,nif
Wesley Sneijder,83,CAM,nif
Jonas,83,ST,nif
Danilo Pereira,83,CDM,nif
Quaresma,83,RM,nif
Nani,83,LW,nif
Douglas Costa,83,LM,otw
Samuel Umtiti,83,CB,nif
Mario Mandžukić,83,ST,nif
Giacomo Bonaventura,83,CM,nif
Javier Mascherano,83,CB,nif
Steven N'Zonzi,83,CDM,nif
Niklas Süle,83,CB,nif
Iago Aspas,83,ST,nif
Idrissa Gueye,83,CDM,nif
Riyad Mahrez,83,RM,nif
Roberto Firmino,83,ST,nif
Naby Keïta,83,CM,nif
Ezequiel Garay,83,CB,nif
Yaya Touré,83,CM,nif
Lucas Biglia,83,CDM,nif
Kylian Mbappé,83,ST,nif
Andrea Belotti,83,ST,nif
Marquinhos,83,CB,nif
Nemanja Matić,83,CDM,nif
Adam Lallana,83,CM,nif
Virgil van Dijk,83,CB,nif
Loïc Perrin,83,CB,nif
Daniele De Rossi,83,CDM,nif
Nicolás Gaitán,83,LM,nif
Morgan Schneiderlin,83,CDM,nif
José María Giménez,83,CB,nif
Ousmane Dembélé,83,RM,nif
Santi Cazorla,83,CM,nif
Mateo Musacchio,83,CB,nif
Kévin Gameiro,83,ST,nif
Łukasz Piszczek,83,RB,nif
Borja Valero,83,CAM,nif
Ömer Toprak,83,CB,nif
João Mário,83,CM,nif
Emil Forsberg,83,CAM,nif
Juanfran,83,RB,nif
Nicolás Otamendi,83,CB,nif
Antonio Valencia,83,RB,nif
Shinji Kagawa,83,CAM,nif
Thomas Lemar,83,LM,nif
Mohamed Salah,83,RW,nif
José Callejón,83,RW,nif
Bas Dost,83,ST,nif
Vitolo,83,LM,nif
Fabinho,83,CDM,nif
Éver Banega,83,CAM,nif
Kyle Walker,83,RB,nif
Joel Matip,83,CB,nif
Stefan de Vrij,83,CB,nif
Javier Pastore,83,CM,nif
Benedikt Höwedes,83,CB,nif
Miguel Layún,82,RW,if
Blerim Džemaili,82,LM,if
De Tomás,82,ST,if
Jorge Meré,82,RB,if
Séamus Coleman,82,RB,green
Bruno Peres,82,RB,fut-birthday
Alassane Pléa,82,ST,if
Thorgan Hazard,82,CF,ptg
Olivier Giroud,82,ST,ptg
Sofiane Feghouli,82,RW,if
Ki Sung Yueng,82,CM,if
Wylan Cyprien,82,CDM,if
Alex Telles,82,LB,nif
Sergi Roberto,82,RB,nif
Simone Zaza,82,ST,nif
Llorente,82,ST,motm
Kingsley Coman,82,RM,nif
Thorgan Hazard,82,LM,nif
Teemu Pukki,82,ST,if
Bafétimbi Gomis,82,ST,if
Łukasz Teodorczyk,82,ST,if
Adrian Mierzejewski,82,RM,if
Ismaily,82,LB,if
Alessio Romagnoli,82,CB,if
Mathieu Debuchy,82,RB,if
Emre Can,82,CDM,if
Christoph Kramer,82,CDM,if
Malcom,82,RW,nif
Adrien Rabiot,82,CM,nif
Luiz Gustavo,82,CDM,nif
Andreas Christensen,82,CB,nif
Marcos Alonso,82,LWB,nif
Wilfried Zaha,82,RM,nif
Daniel Sturridge,82,ST,transfer
Djaniny,82,ST,if
Soares,82,ST,if
Emanuele Giaccherini,82,CAM,if
Wahbi Khazri,82,CAM,if
Raúl,82,CB,if
Victor Moses,82,RWB,if
Nicolás Tagliafico,82,LB,if
Florian Lejeune,82,CB,if
Iñigo Martínez,82,CB,nif
Deulofeu,82,LW,nif
Olivier Giroud,82,ST,nif
Islam Slimani,82,ST,nif
Roque Mesa,82,CDM,nif
Lucas,82,RW,nif
Nicolás Tagliafico,82,LB,otw
Deulofeu,82,LW,otw
Iñigo Martínez,82,CB,otw
Lucas,82,RW,otw
Edin Višća,82,RM,if
Gastón Ramírez,82,CAM,if
Arda Turan,82,CM,nif
Niclas Füllkrug,82,ST,if
Franco Cervi,82,LM,if
James Ward-Prowse,82,RM,if
Jonny Evans,82,CB,if
Paul Baysse,82,CB,if
Mario Gómez,82,ST,transfer
Andy Carroll,82,ST,if
Etxeita,82,CB,if
Carlos Vela,82,RW,nif
Fabio Quagliarella,82,ST,if
Martin Braithwaite,82,LM,if
José Izquierdo,82,LM,if
Leander Dendoncker,82,CB,if
Nicolas Nkoulou,82,CB,if
Jesse Lingard,82,CAM,if
Takashi Inui,82,LM,if
Eric Maxim Choupo-Moting,82,LM,if
Andrea Pirlo,82,CM,futmas
Romain Alessandrini,82,RM,futmas
Jesse Lingard,82,CAM,futmas
Djibril Sidibé,82,RB,if
Zlatko Junuzović,82,CM,futmas
Sofiane Boufal,82,LW,futmas
Andy Carroll,82,ST,futmas
Serge Gnabry,82,LM,futmas
Leon Bailey,82,LM,if
Winston Reid,82,CB,if
Vincent Aboubakar,82,ST,if
John Stones,82,CB,totgs
Cenk Tosun,82,ST,totgs
Alexandr Kokorin,82,ST,totgs
André Silva,82,ST,totgs
Emiliano Rigoni,82,RW,totgs
Canales,82,CAM,totgs
Diego Llorente,82,CB,totgs
Serge Gnabry,82,ST,if
Kyriakos Papadopoulos,82,CB,if
Rogelio Funes Mori,82,ST,if
Charlie Austin,82,ST,if
Filip Kostić,82,LM,if
Tore Reginiussen,82,CB,potm
Emmanuel Adebayor,82,ST,if
Yunus Mallı,82,LM,if
Sean Maguire,82,ST,potm
Šime Vrsaljko,82,RB,if
Adem Ljajić,82,CM,if
Jonathan Viera,82,CM,ptg
Emiliano Rigoni,82,RM,ptg
Sandro Wagner,82,ST,ptg
Tiémoué Bakayoko,82,CDM,ptg
Lars Stindl,82,ST,ptg
Divock Origi,82,ST,ptg
Clint Dempsey,82,CF,if
Nicola Sansone,82,LF,if
Anderson Talisca,82,CAM,if
Bertrand Traoré,82,RW,if
Divock Origi,82,RM,if
Paco Alcácer,82,RM,if
Jefferson Farfán,82,ST,if
Vincenzo Grifo,82,LM,if
Rafael Tolói,82,CB,if
Marçal,82,LB,if
Hirving Lozano,82,RW,if
Alexander Sørloth,82,LW,if
Aaron Mooy,82,CM,if
Aleksandar Kolarov,82,LB,if
Bartra,82,CB,scream
Mamadou Sakho,82,CB,scream
Alexey Berezutskiy,82,CB,if
Omar Al Soma,82,ST,if
Romain Alessandrini,82,RM,if
Aritz Elustondo,82,CB,if
Mohamed Elyounoussi,82,RM,if
Sandro Wagner,82,ST,if
Antonio Sanabria,82,ST,if
Elías Hernández,82,RM,if
Marouane Fellaini,82,CDM,if
Matthias Ginter,82,CB,if
Bertrand Traoré,82,RW,otw
Keita Baldé Diao,82,LW,otw
Vágner Love,82,ST,if
Faouzi Ghoulam,82,LB,if
Hilton,82,CB,if
Joaquín,82,RW,if
Felipe,82,CB,nif
Davy Klaassen,82,CM,nif
Ljubomir Fejsa,82,CDM,nif
Marlos,82,RM,nif
Vedran Ćorluka,82,CB,nif
Quincy Promes,82,RM,nif
Yacine Brahimi,82,LM,nif
Sebastian Giovinco,82,CF,nif
David Villa,82,ST,nif
Pizzi,82,CM,nif
Taison,82,LM,nif
Olivier Giroud,82,ST,nif
Timo Werner,82,ST,nif
João Moutinho,82,CM,nif
Federico Bernardeschi,82,RM,nif
Anthony Martial,82,LM,nif
Heung Min Son,82,LM,nif
Raheem Sterling,82,RW,nif
Granit Xhaka,82,CDM,nif
Daniel Sturridge,82,ST,nif
Suso,82,RW,nif
Branislav Ivanović,82,CB,nif
Stephan Lichtsteiner,82,RB,nif
Willian José,82,ST,nif
Max Kruse,82,CF,nif
Jonathan Tah,82,CB,nif
Gonzalo Castro,82,CM,nif
Raffael,82,CF,nif
Beñat,82,CM,nif
Mario Gómez,82,ST,nif
Victor Wanyama,82,CDM,nif
Carlos Bacca,82,ST,nif
Naldo,82,CB,nif
Víctor Ruíz,82,CB,nif
Francesco Acerbi,82,CB,nif
Antonio Rüdiger,82,CB,nif
Saúl,82,CM,nif
Lars Stindl,82,CF,nif
Leroy Sané,82,LW,nif
Lars Bender,82,CDM,nif
Federico Fazio,82,CB,nif
Keita Baldé Diao,82,LW,nif
Lucas Vázquez,82,RW,nif
Jean Michaël Seri,82,CM,nif
Arda Turan,82,CM,nif
Samir Nasri,82,LM,nif
Gary Medel,82,CDM,nif
Ciro Immobile,82,ST,nif
Marcos Rojo,82,CB,nif
Raúl Albiol,82,CB,nif
Tiémoué Bakayoko,82,CDM,nif
Franco Vázquez,82,CAM,nif
Moussa Dembélé,82,CM,nif
Manu Trigueros,82,CM,nif
Juan Cuadrado,82,RM,nif
Nathaniel Clyne,82,RB,nif
Stefan Savić,82,CB,nif
Corentin Tolisso,82,CM,nif
Nabil Fekir,82,CAM,nif
Gylfi Sigurðsson,82,CAM,nif
Mateo Kovačić,82,CM,nif
Parejo,82,CM,nif
André Gomes,82,CM,nif
Douglas Costa,82,LM,nif
Eric Dier,82,CB,nif
Jordan Henderson,82,CDM,nif
Fernandinho,82,CDM,nif
Xherdan Shaqiri,82,RM,nif
Lucas,82,RW,nif
Aaron Ramsey,82,CM,nif
Javier Hernández,82,ST,nif
Marko Arnautović,82,LM,nif
Roque Mesa,82,CDM,nif
Islam Slimani,82,ST,nif
Alessandro Florenzi,82,RB,nif
Iborra,82,CDM,nif
Jonathan Viera,82,CM,nif
Mario Balotelli,82,ST,nif
Karim Bellarabi,82,RM,nif
Florian Thauvin,82,RW,nif
Leon Goretzka,82,CM,nif
Georginio Wijnaldum,82,CM,nif
Carlos Vela,82,RW,nif
Iñigo Martínez,82,CB,nif
Ashley Williams,82,CB,nif
Danny Rose,82,LB,nif
Leighton Baines,82,LB,nif
Deulofeu,82,LW,nif
Bradley Wright-Phillips,81,ST,if
Ola Kamara,81,ST,if
Pierre-Emile Højbjerg,81,CM,motm
Patrice Evra,81,LB,nif
Ishak Belfodil,81,RW,if
Houssem Aouar,81,CM,if
Jefferson,81,LB,if
James Tomkins,81,CB,if
Lucas Ocampos,81,LM,eumotm
Cheikhou Kouyaté,81,CB,fut-birthday
Moussa Sissoko,81,CM,fut-birthday
Chris Wood,81,ST,if
Aleksandar Mitrović,81,ST,if
Bibras Natcho,81,CDM,if
James Chester,81,CB,if
Jamie Vardy,81,ST,ptg
Valeri Qazaishvili,81,LM,if
Ricardo Horta,81,LM,if
Léo Dubois,81,RB,if
Ismaël Traoré,81,CB,if
Matthew Lowton,81,RB,if
Bruno Fernandes,81,CAM,nif
Anderson Talisca,81,CAM,nif
Manuel Fernandes,81,CAM,nif
Daniel Wass,81,CM,nif
Guillaume Hoarau,81,ST,motm
Marcel Sabitzer,81,CAM,nif
Leon Bailey,81,LM,nif
Marcelo,81,CB,nif
Allan,81,CM,nif
Stephan El Shaarawy,81,LW,nif
Aleksandar Kolarov,81,LB,nif
Will Grigg,81,ST,motm
Phil Jones,81,CB,nif
Sead Kolašinac,81,LWB,nif
Marcus Rashford,81,LM,nif
Breel Embolo,81,ST,if
Édson Puch,81,LM,if
Federico Chiesa,81,LW,if
Luuk de Jong,81,ST,if
Rony Lopes,81,LM,if
Bartra,81,CB,nif
Rafinha,81,CM,nif
Samuel Eto'o,81,ST,nif
Soualiho Meïté,81,CDM,otw
Ross Barkley,81,CAM,otw
Diego Castro,81,CF,if
Steven Berghuis,81,RW,if
Sofiane Hanni,81,ST,if
Santiago Arias,81,RB,if
Soualiho Meïté,81,CM,if
Franck Yannick Kessié,81,CM,if
Felipe Mora,81,ST,if
Manu García,81,CM,if
Frederik Sørensen,81,RB,if
Martin Hinteregger,81,CB,if
Kevin Mirallas,81,LM,transfer
Ross Barkley,81,CAM,transfer
Nicolás Castillo,81,ST,if
Cristian Tello,81,LW,if
Pedro Obiang,81,CDM,if
Pablo Aguilar,81,CB,if
Lorenzo De Silvestri,81,RB,if
Ryan Sessegnon,81,LB,if
Luka Milivojević,81,CDM,if
Robert Snodgrass,81,RM,if
Nathan Aké,81,CB,if
Mattia Destro,81,ST,if
Karl Toko-Ekambi,81,ST,if
Christian Atsu,81,LM,if
Mossoró,81,CAM,if
Ahmed Musa,81,ST,futmas
Shinji Okazaki,81,CF,if
Ryan Babel,81,LM,if
Nils Petersen,81,ST,if
Christophe Kerbrat,81,CB,if
Remo Freuler,81,CM,totgs
Alfreð Finnbogason,81,ST,if
Dimitri Liénard,81,CM,if
Ibai Gómez,81,RM,if
Benjamin André,81,CDM,if
Roberto Rosales,81,RB,if
Jérôme Roussillon,81,LWB,if
Michael Lang,81,RB,if
Marvin Zeegelaar,81,LWB,if
Callum Wilson,81,ST,if
Gonzalo Castro,81,LM,if
Matthijs de Ligt,81,CB,if
Nabil Dirar,81,RB,if
Zakaria Labyad,81,ST,if
Nenad Tomović,81,CB,if
Steve Cook,81,CB,if
Moussa Dembélé,81,ST,if
Ashley Young,81,LWB,if
Lucas Torreira,81,CM,if
Enner Valencia,81,RM,if
Sven Bender,81,CDM,scream
Kevin-Prince Boateng,81,ST,scream
Memphis Depay,81,LW,scream
Frank Fabra,81,LB,if
Gastón Pereiro,81,CAM,if
Steven Zuber,81,LM,if
Jozy Altidore,81,ST,if
Bruma,81,LM,otw
Franck Yannick Kessié,81,CM,otw
Nélson Semedo,81,RB,otw
Davinson Sánchez,81,CB,otw
Jürgen Locadia,81,ST,if
Paulinho,81,CM,nif
Josef Alexander Martínez,81,ST,if
Maximilian Philipp,81,LW,if
Charles Aránguiz,81,CM,if
Pablo Pérez,81,CM,if
Andriy Yarmolenko,81,RW,nif
Bastian Schweinsteiger,81,CM,nif
Jesús Corona,81,RM,nif
Fernando Torres,81,ST,nif
Samuel Eto'o,81,ST,nif
Bruma,81,LM,nif
André-Pierre Gignac,81,ST,nif
Sebastián Coates,81,CB,nif
Gelson Martins,81,RM,nif
Martin Škrtel,81,CB,nif
Simon Kjær,81,CB,nif
Nélson Semedo,81,RB,nif
Davinson Sánchez,81,CB,nif
Mário Fernandes,81,RWB,nif
Darijo Srna,81,RB,nif
Jorginho,81,CM,nif
Giuliano,81,CAM,nif
Konstantinos Mitroglou,81,ST,nif
Hakim Ziyech,81,CM,nif
Manuel Lanzini,81,CAM,nif
Wissam Ben Yedder,81,ST,nif
Kevin Mirallas,81,LM,nif
Andreas Christensen,81,CB,nif
Kevin Kampl,81,CM,nif
Séamus Coleman,81,RB,nif
Dante,81,CB,nif
Mario Götze,81,CM,nif
Patrice Evra,81,LB,nif
Per Mertesacker,81,CB,nif
Iturraspe,81,CM,nif
Mario Gaspar,81,RB,nif
Thomas Meunier,81,RB,nif
Sebastian Rudy,81,CM,nif
Marcelo Brozović,81,CM,nif
Illarramendi,81,CM,nif
Mamadou Sakho,81,CB,nif
Joshua Kimmich,81,RB,nif
De Marcos,81,RB,nif
Thiago Motta,81,CDM,nif
Cédric Bakambu,81,ST,nif
Lucas Pérez,81,ST,nif
Dejan Lovren,81,CB,nif
Dani García,81,CDM,nif
Stevan Jovetić,81,ST,nif
Younès Belhanda,81,CAM,nif
Ricardo Rodríguez,81,LB,nif
Wayne Rooney,81,CAM,nif
Domenico Berardi,81,RW,nif
Davide Astori,81,CB,nif
Raúl García,81,CAM,nif
Wilfried Zaha,81,RM,nif
Julian Weigl,81,CDM,nif
Felipe Anderson,81,RW,nif
Christian Benteke,81,ST,nif
Ryad Boudebouz,81,CAM,nif
Bartra,81,CB,nif
Héctor Bellerín,81,RB,nif
Adil Rami,81,CB,nif
Ross Barkley,81,CAM,nif
Marcos Alonso,81,LWB,nif
Chris Smalling,81,CB,nif
Marco Parolo,81,CM,nif
Hatem Ben Arfa,81,CAM,nif
Grzegorz Krychowiak,81,CDM,nif
Gabi,81,CM,nif
Serge Aurier,81,RB,nif
Jack Wilshere,81,CM,nif
Andrej Kramarić,81,ST,nif
Michael Keane,81,CB,nif
Gonzalo Rodríguez,81,CB,nif
Williams,81,RW,nif
Gabriel Jesus,81,ST,nif
Morgan Sanson,81,CM,nif
Raphaël Guerreiro,81,LM,nif
Sergi Roberto,81,RB,nif
Nikola Kalinić,81,ST,nif
Jamie Vardy,81,ST,nif
Nacho Fernández,81,CB,nif
Mathieu Valbuena,81,LW,nif
Camacho,81,CDM,nif
Rafinha,81,CM,nif
Rubén Castro,81,ST,nif
Oleg Shatov,80,LM,nif
Besart Berisha,80,ST,if
Yerry Mina,80,CB,nif
Lucas Pratto,80,ST,nif
Valon Berisha,80,CM,eumotm
Carlos López,80,ST,if
Ryan Bertrand,80,LB,ptg
Leandro Paredes,80,CM,nif
Vincent Aboubakar,80,ST,nif
Alexandr Kokorin,80,ST,nif
Geoffrey Kondogbia,80,CDM,nif
Šime Vrsaljko,80,RB,nif
Rodrigo,80,ST,nif
Gerard Moreno,80,ST,nif
Charles Aránguiz,80,CM,nif
Mark Uth,80,ST,nif
Mariano,80,ST,nif
Milan Škriniar,80,CB,nif
Luis Alberto,80,CF,nif
Lucas Leiva,80,CDM,nif
Faouzi Ghoulam,80,LB,nif
Ben Davies,80,LB,nif
Jesse Lingard,80,CAM,nif
Cenk Tosun,80,ST,nif
John Stones,80,CB,nif
Cengiz Ünder,80,RM,if
Michy Batshuayi,80,ST,nif
André Ayew,80,CAM,nif
Héctor Moreno,80,CB,nif
Theo Walcott,80,RM,nif
Javi Fuego,80,CDM,nif
Eraso,80,CAM,motm
Sergio Araujo,80,ST,if
Coke,80,RB,transfer
Fabián Orellana,80,CAM,transfer
Danilo,80,CM,if
Bobô,80,ST,if
Guido Carrillo,80,ST,if
Gian Marco Ferrari,80,CB,if
Alex Oxlade-Chamberlain,80,RM,ptg
Danny Welbeck,80,LM,ptg
David Neres,80,RW,if
Gonçalo Guedes,80,LM,if
Odriozola,80,RB,if
Kendall Waston,80,CB,hero
Maicon,80,CB,nif
Ignacio Piatti,80,LW,nif
Igor Smolnikov,80,RB,nif
Oğuzhan Özyakup,80,CM,nif
Fedor Smolov,80,ST,nif
Atiba Hutchinson,80,CDM,nif
Fernando Belluschi,80,CAM,nif
Marcano,80,CB,nif
Domenico Criscito,80,LB,nif
Eduardo Salvio,80,RM,nif
Yaroslav Rakitskyi,80,CB,nif
Alex Telles,80,LB,nif
Kaká,80,CAM,nif
Taras Stepanenko,80,CDM,nif
Serdar Tasci,80,CB,nif
Manuel Fernandes,80,CAM,nif
Alan Dzagoev,80,CM,nif
Andrés Guardado,80,CM,nif
Andreas Granqvist,80,CB,nif
Mehmet Topal,80,CDM,nif
Fred,80,CM,nif
Oleg Shatov,80,LM,nif
Héctor Moreno,80,CB,nif
Vitaliy Denisov,80,LB,nif
Eric Botteghin,80,CB,nif
Grimaldo,80,LB,nif
Jardel,80,CB,nif
Karim El Ahmadi,80,CM,nif
Lukas Podolski,80,ST,nif
Youri Tielemans,80,CM,nif
Roberto Pereyra,80,CM,nif
Salomon Kalou,80,LM,nif
Jemerson,80,CB,nif
Ganso,80,CAM,nif
Angelo Ogbonna,80,CB,nif
Iago Falqué,80,RW,nif
Matteo Darmian,80,LB,nif
Fabián Orellana,80,CAM,nif
Sidnei,80,CB,nif
Diego Perotti,80,CF,nif
Kevin Vogt,80,CB,nif
James McCarthy,80,CDM,nif
Nacho Monreal,80,LB,nif
John Brooks,80,CB,nif
Dušan Basta,80,RB,nif
Jérémy Mathieu,80,CB,nif
Danny Welbeck,80,ST,nif
Roberto Soriano,80,LM,nif
Ryan Bertrand,80,LB,nif
Nabil Bentaleb,80,CM,nif
Sven Bender,80,CB,nif
Hugo Mallo,80,RB,nif
Phil Jagielka,80,CB,nif
Ricardo Pereira,80,RB,nif
Eder,80,ST,nif
Theo Walcott,80,RM,nif
André Ayew,80,RM,nif
Maxime Gonalons,80,CDM,nif
Mikel San José,80,CM,nif
Josip Iličić,80,CF,nif
Michy Batshuayi,80,ST,nif
Dušan Tadić,80,CAM,nif
Jonas Hector,80,CDM,nif
Pablo Sarabia,80,RM,nif
Josuha Guilavogui,80,CDM,nif
Gabriel Paletta,80,CB,nif
Stephan El Shaarawy,80,LW,nif
James Milner,80,LB,nif
Piotr Zieliński,80,CM,nif
Daley Blind,80,LB,nif
Michail Antonio,80,ST,nif
Simone Zaza,80,ST,nif
Valère Germain,80,ST,nif
Sead Kolašinac,80,LB,nif
André Schürrle,80,LM,nif
Kevin-Prince Boateng,80,ST,nif
Memphis Depay,80,LW,nif
Coke,80,RB,nif
José Fonte,80,CB,nif
Thorgan Hazard,80,RF,nif
Romain Thomas,80,CB,nif
Daniel Didavi,80,CAM,nif
Javi Fuego,80,CDM,nif
Gustavo Cabral,80,CB,nif
Jeremain Lens,80,RM,nif
Jermain Defoe,80,ST,nif
Kevin Volland,80,ST,nif
Layvin Kurzawa,80,LB,nif
Daniel Wass,80,CM,nif
Samu Castillejo,80,RM,nif
Pablo Hernández,80,CM,nif
Pedro León,80,RM,nif
Marcelo Díaz,80,CM,nif
Luiz Gustavo,80,CDM,nif
Marcel Schmelzer,80,LB,nif
Julian Brandt,80,LM,nif
Luis Muriel,80,ST,nif
Alex Oxlade-Chamberlain,80,RM,nif
Michael Carrick,80,CDM,nif
Erik Lamela,80,RM,nif
Sergej Milinković-Savić,80,CM,nif
Adrien Rabiot,80,CM,nif
Vedad Ibišević,80,ST,nif
Leo Baptistao,80,ST,nif
Daniele Rugani,80,CB,nif
Salomón Rondón,80,ST,nif
Augusto Fernández,80,CM,nif
Antonio Candreva,80,RM,nif
Ibrahima Traoré,80,RM,nif
Matija Nastasić,80,CB,nif
Valter Birsa,80,CAM,nif
Daniel Carriço,80,CB,nif
Jonathan dos Santos,80,CM,nif
Allan,80,CM,nif
Kerem Demirbay,80,CAM,nif
Sergi Enrich,80,ST,nif
Denis Suárez,80,CM,nif
Bryan Oviedo,79,LWB,if
Christian Noboa,79,CM,nif
Lukas Hinterseer,79,ST,if
Domagoj Vida,79,CB,nif
Fernando,79,CDM,nif
Raphinha,79,LM,nif
Franco Cervi,79,LM,nif
Jefferson Farfán,79,RM,nif
Moussa Marega,79,ST,nif
Emmanuel Adebayor,79,ST,nif
Hirving Lozano,79,LW,nif
Andreas Pereira,79,LM,nif
Joaquín,79,RM,nif
Gonçalo Guedes,79,LM,nif
Thomas Partey,79,CDM,nif
Matthias Ginter,79,CB,nif
Wilson Morelo,79,ST,if
Kengo Nakamura,79,CAM,if
Diego Carlos,79,CB,nif
Kenny Tete,79,RB,nif
Bertrand Traoré,79,RW,nif
Simone Verdi,79,RW,nif
Harry Maguire,79,CB,nif
Kasper Hämäläinen,79,LM,if
Tammy Abraham,79,ST,motm
Francesco Caputo,79,ST,if
Lautaro Martínez,79,ST,if
Paul-Georges Ntep,79,LM,nif
Vágner Love,79,ST,nif
Nikola Maksimović,79,CB,nif
Eliaquim Mangala,79,CB,nif
Artem Dzyuba,79,ST,nif
Michael Krohn-Dehli,79,LM,nif
Francis Coquelin,79,CDM,otw
Paul-Georges Ntep,79,LM,otw
De Tomás,79,ST,if
Nolan Roux,79,LM,if
Alfie Mawson,79,CB,if
Lisandro López,79,CB,nif
Hernán Pérez,79,RM,nif
Francis Coquelin,79,CDM,nif
Luciano Vietto,79,ST,transfer
Nicolás Tagliafico,79,LB,transfer
Sandro Wagner,79,ST,nif
Adrian Mierzejewski,79,RM,if
Francisco Meza,79,CB,hero
Yu Kobayashi,79,ST,if
Markel Bergara,79,CM,if
Justin Kluivert,79,LW,if
Emanuele Calaió,79,ST,if
Robin Lod,79,RM,if
Almamy Touré,79,RB,if
Ihlas Bebou,79,ST,if
Kenny Miller,79,CF,if
Niclas Füllkrug,79,ST,if
Josef Šural,79,RM,if
Christian Pulisic,79,RM,scream
Daryl Murphy,79,ST,if
Iván Marcone,79,CDM,nif
Gustavo Bou,79,ST,nif
Antunes,79,LB,nif
Diego Buonanotte,79,CAM,nif
Asamoah Gyan,79,ST,nif
Luisão,79,CB,nif
Maurício,79,CB,nif
Zé Luís,79,ST,nif
Victor Lindelöf,79,CB,nif
Vágner Love,79,ST,nif
Nicolás Tagliafico,79,LB,nif
Mexer,79,CB,nif
Marcos Acuña,79,LM,nif
Marcelo,79,CB,nif
Łukasz Teodorczyk,79,ST,nif
Lisandro López,79,CB,nif
Jonathas,79,ST,nif
Igor Denisov,79,CDM,nif
Héctor Herrera,79,CM,nif
Giovani dos Santos,79,CF,nif
Fernando,79,CDM,nif
Emre Belözoğlu,79,CM,nif
Emiliano Rigoni,79,RM,nif
Diego Valeri,79,CAM,nif
Christian Noboa,79,CM,nif
Alexandr Samedov,79,RM,nif
Tomáš Rosický,79,CAM,nif
Vasiliy Berezutskiy,79,CB,nif
Nicolai Jørgensen,79,ST,nif
Anderson Talisca,79,CAM,nif
Marcus Rashford,79,ST,nif
Miguel Almirón,79,CAM,nif
Artem Dzyuba,79,ST,nif
Bernard,79,CAM,nif
Óliver Torres,79,CM,nif
Andrea Pirlo,79,CM,nif
Pontus Wernbloom,79,CDM,nif
Leander Dendoncker,79,CDM,nif
Salif Sané,79,CB,nif
Edin Višća,79,RM,nif
Soares,79,ST,nif
Seydou Doumbia,79,ST,nif
Aleksandar Kolarov,79,LB,nif
Yoann Gourcuff,79,CAM,nif
Lucas Digne,79,LB,nif
Mariano,79,RB,nif
Phil Jones,79,CB,nif
Juraj Kucka,79,CM,nif
Escudero,79,LB,nif
Kurt Zouma,79,CB,nif
Michael Krohn-Dehli,79,LM,nif
Malcom,79,RW,nif
Negredo,79,ST,nif
Xabi Prieto,79,CM,nif
Florian Lejeune,79,CB,nif
Willi Orban,79,CB,nif
Lucas Leiva,79,CDM,nif
Bojan,79,CAM,nif
David Abraham,79,CB,nif
Adem Ljajić,79,LW,nif
Jérémy Toulalan,79,CDM,nif
Yevhen Konoplyanka,79,LW,nif
Pablo Piatti,79,LM,nif
Cristian Ansaldi,79,LB,nif
Yunus Mallı,79,CAM,nif
Nordin Amrabat,79,RM,nif
Zurutuza,79,CM,nif
Marouane Fellaini,79,CDM,nif
Sandro Wagner,79,ST,nif
Gayà,79,LB,nif
Bafétimbi Gomis,79,ST,nif
João Cancelo,79,RB,nif
Jurado,79,LM,nif
Pablo Zabaleta,79,RB,nif
Fabian Johnson,79,LM,nif
Arkadiusz Milik,79,ST,nif
Lorenzo Tonelli,79,CB,nif
Paco Alcácer,79,ST,nif
Emre Çolak,79,CAM,nif
Daniel Baier,79,CDM,nif
Sébastien Corchia,79,RB,nif
Jonny Evans,79,CB,nif
Giuseppe Rossi,79,ST,nif
Jannik Vestergaard,79,CB,nif
Ryan Shawcross,79,CB,nif
Sofiane Boufal,79,LW,nif
Ştefan Radu,79,LB,nif
Serge Gnabry,79,LM,nif
Ángel Correa,79,ST,nif
Emre Can,79,CM,nif
Nikola Maksimović,79,CB,nif
Cédric,79,RB,nif
Hernán Pérez,79,RM,nif
Francis Coquelin,79,CDM,nif
Yohan Cabaye,79,CM,nif
Jeffrey Bruma,79,CB,nif
Rafael,79,RB,nif
Christoph Kramer,79,CDM,nif
Mahmoud Dahoud,79,CM,nif
Oriol Romeu,79,CDM,nif
Oyarzabal,79,LW,nif
Federico Fernández,79,CB,nif
Hakan Çalhanoğlu,79,LM,nif
Denis Cheryshev,79,LM,nif
Balenziaga,79,LB,nif
Luke Shaw,79,LB,nif
Alessio Romagnoli,79,CB,nif
Marco Benassi,79,CM,nif
Šime Vrsaljko,79,RB,nif
Eliaquim Mangala,79,CB,nif
Paul-Georges Ntep,79,LM,nif
Keko,79,RM,nif
Nuri Şahin,79,CDM,nif
Gabriel Paulista,79,CB,nif
John Stones,79,CB,nif
Kingsley Coman,79,RM,nif
Canales,79,CAM,nif
Claudio Yacob,79,CDM,nif
Elseid Hysaj,79,RB,nif
Winston Reid,79,CB,nif
Nicolás Pareja,79,CB,nif
Sebastian Prödl,79,CB,nif
Marco Fabián,79,CAM,nif
Luciano Vietto,79,ST,nif
Maximilian Arnold,79,CM,nif
Danilo,79,CB,nif
Benjamin Hübner,79,CB,nif
Djibril Sidibé,79,RB,nif
Vladimír Darida,79,CM,nif
Alassane Pléa,79,ST,nif
Davide Zappacosta,79,RB,nif
Vicente Gómez,79,CM,nif
Jeison Murillo,79,CB,nif
Jaume Costa,79,LB,nif
Lassana Diarra,79,CDM,nif
Daniele Baselli,79,CM,nif
Wilfried Bony,79,ST,nif
Nicola Sansone,79,ST,nif
Max Meyer,79,CAM,nif
Sofiane Feghouli,79,RW,nif
Danny Drinkwater,79,CM,nif
Patrick Herrmann,79,RM,nif
Florin Andone,79,ST,nif
Manolo Gabbiadini,79,ST,nif
Nolito,79,LW,nif
Wylan Cyprien,79,CM,nif
William Vainqueur,79,CDM,nif
Riccardo Saponara,79,CAM,nif
Bruno Martins Indi,79,CB,nif
Zlatko Junuzović,79,CM,nif
Bernat,79,LB,nif
Rubén Pardo,79,CM,nif
Diego Llorente,79,CB,nif
Victor Moses,79,RWB,nif
Kyriakos Papadopoulos,79,CB,nif
Gareth Barry,79,CDM,nif
Faouzi Ghoulam,79,LB,nif
Igor Coronado,78,ST,if
Giorgi Kvilitaia,78,ST,if
Carlos Tévez,78,CAM,nif
Moussa Sow,78,ST,nif
Florian Klein,78,RB,if
Marvin Plattenhardt,78,LB,ptg
Patrick Bamford,78,ST,if
Bryan Linssen,78,LM,if
Avilés Hurtado,78,LW,nif
Víctor Vázquez,78,CM,nif
Cristiano Piccini,78,RB,nif
Josef Alexander Martínez,78,ST,nif
Enner Valencia,78,ST,nif
André Almeida,78,RB,nif
Yimmi Chará,78,RM,nif
David Neres,78,RW,nif
Ryan Babel,78,LM,nif
Elías Hernández,78,RM,nif
Romain Alessandrini,78,RM,nif
Portu,78,ST,nif
Adrián,78,ST,nif
Carlos Soler,78,RM,nif
Cristhian Stuani,78,ST,nif
Odriozola,78,RB,nif
Gabriel Mercado,78,CB,nif
Cristian Tello,78,RM,nif
Lucas Hernández,78,CB,nif
Karim Rekik,78,CB,nif
Jean-Philippe Gbamin,78,CDM,nif
Alfreð Finnbogason,78,ST,nif
Marcel Halstenberg,78,LB,nif
Maximilian Philipp,78,LW,nif
Aleksandar Bjelica,78,LWB,if
Presnel Kimpembe,78,CB,nif
Karl Toko-Ekambi,78,ST,nif
Mattia Caldara,78,CB,nif
James Tarkowski,78,CB,nif
Eric Maxim Choupo-Moting,78,LM,nif
Aaron Mooy,78,CM,nif
Sean Morrison,78,CB,if
Matthias Morys,78,ST,if
Teddy Chevalier,78,RM,if
Ibrahima Seck,78,CM,motm
Theo Bongonda,78,LW,nif
Alan Ruiz,78,ST,nif
Iuri Medeiros,78,RM,nif
Emanuele Giaccherini,78,LW,nif
Rochina,78,CAM,nif
Sebastian Langkamp,78,CB,nif
Miguel Layún,78,LB,nif
Mathieu Debuchy,78,RB,nif
Robin van Persie,78,ST,nif
Waldemar Sobota,78,LM,if
Paul Baysse,78,CB,nif
Vincent Koziello,78,CM,nif
Jony,78,LM,nif
Yann M'Vila,78,CDM,nif
José Sand,78,ST,nif
Denis Bouanga,78,LM,if
Blerim Džemaili,78,CM,transfer
Lucas Alario,78,ST,transfer
John Guidetti,78,ST,transfer
Cenk Tosun,78,ST,transfer
Djaniny,78,RW,if
Massimo Coda,78,ST,if
Anastasios Bakasetas,78,LWB,if
Henry Rojas,78,CM,hero
Gary Mackay-Steven,78,LM,if
Kemar Roofe,78,LM,if
Matěj Vydra,78,CAM,if
Teemu Pukki,78,ST,if
Melero,78,CM,if
Gheorghe Grozav,78,LM,if
Ante Budimir,78,ST,if
Brecht Capon,78,RWB,if
Pablo Maffeo,78,RWB,if
Isaac Kiese Thelin,78,ST,if
Jelle Van Damme,78,CB,scream
Khalid Boutaïb,78,ST,if
Tim Cahill,78,ST,if
Kári Árnason,78,CB,if
Román Torres,78,CB,hero
Youssouf Hadji,78,ST,if
Justin Morrow,78,LM,if
Pascal Stenzel,78,RWB,if
Alex Hunter,78,ST,journey
Yamil Asad,78,LM,if
César Navas,78,CB,nif
Franco Cervi,78,LM,nif
Rafa,78,LM,nif
Lucas Alario,78,ST,nif
Darío Benedetto,78,ST,nif
Alan Ruiz,78,CF,nif
Iuri Medeiros,78,RM,nif
Pedro Santos,78,RM,nif
Paulo Oliveira,78,CB,nif
Bertrand Traoré,78,RW,nif
Raúl Jiménez,78,ST,nif
André André,78,CM,nif
Teófilo Gutiérrez,78,ST,nif
Cenk Tosun,78,ST,nif
Pavel Mamaev,78,RW,nif
Vincent Koziello,78,CM,nif
Jony,78,LM,nif
Yann M'Vila,78,CDM,nif
José Sand,78,ST,nif
Denis Bouanga,78,LM,if
Blerim Džemaili,78,CM,transfer
Lucas Alario,78,ST,transfer
John Guidetti,78,ST,transfer
Cenk Tosun,78,ST,transfer
Djaniny,78,RW,if
Massimo Coda,78,ST,if
Anastasios Bakasetas,78,LWB,if
Henry Rojas,78,CM,hero
Gary Mackay-Steven,78,LM,if
Kemar Roofe,78,LM,if
Matěj Vydra,78,CAM,if
Teemu Pukki,78,ST,if
Melero,78,CM,if
Gheorghe Grozav,78,LM,if
Ante Budimir,78,ST,if
Brecht Capon,78,RWB,if
Pablo Maffeo,78,RWB,if
Isaac Kiese Thelin,78,ST,if
Jelle Van Damme,78,CB,scream
Khalid Boutaïb,78,ST,if
Tim Cahill,78,ST,if
Kári Árnason,78,CB,if
Román Torres,78,CB,hero
Youssouf Hadji,78,ST,if
Justin Morrow,78,LM,if
Pascal Stenzel,78,RWB,if
Alex Hunter,78,ST,journey
Yamil Asad,78,LM,if
César Navas,78,CB,nif
Franco Cervi,78,LM,nif
Rafa,78,LM,nif
Lucas Alario,78,ST,nif
Darío Benedetto,78,ST,nif
Alan Ruiz,78,CF,nif
Iuri Medeiros,78,RM,nif
Pedro Santos,78,RM,nif
Paulo Oliveira,78,CB,nif
Bertrand Traoré,78,RW,nif
Raúl Jiménez,78,ST,nif
André André,78,CM,nif
Teófilo Gutiérrez,78,ST,nif
Cenk Tosun,78,ST,nif
Pavel Mamaev,78,RW,nif
De Gea,97,GK,toty
De Gea,94,GK,eumotm
Lev Yashin,94,GK,icon
De Gea,93,GK,if
De Gea,92,GK,if
Peter Schmeichel,92,GK,icon
Manuel Neuer,92,GK,nif
De Gea,91,GK,nif
Edwin van der Sar,91,GK,icon
Lev Yashin,91,GK,icon
Gianluigi Buffon,90,GK,futmas
Samir Handanovič,90,GK,if
Peter Schmeichel,90,GK,icon
De Gea,90,GK,nif
Hugo Lloris,89,GK,totgs
Marc-André ter Stegen,89,GK,totgs
Samir Handanovič,89,GK,if
Edwin van der Sar,89,GK,icon
Lev Yashin,89,GK,icon
Thibaut Courtois,89,GK,nif
Gianluigi Buffon,89,GK,nif
Samir Handanovič,88,GK,nif
Marc-André ter Stegen,88,GK,if
Hugo Lloris,88,GK,nif
Jan Oblak,88,GK,nif
Petr Čech,87,GK,if
Ederson,87,GK,if
Marc-André ter Stegen,87,GK,nif
Sergio Asenjo,87,GK,if
Stéphane Ruffier,87,GK,if
Ederson,87,GK,otw
Edwin van der Sar,87,GK,icon
Samir Handanovič,87,GK,nif
Kasper Schmeichel,86,GK,if
Steve Mandanda,86,GK,if
Roman Bürki,86,GK,if
Timo Horn,86,GK,if
Sergio Asenjo,86,GK,if
Ederson,86,GK,if
Casillas,86,GK,sbc
Stéphane Ruffier,86,GK,if
Peter Schmeichel,86,GK,icon
Petr Čech,86,GK,nif
Benjamin Lecomte,85,GK,if
Kasper Schmeichel,85,GK,if
Mattia Perin,85,GK,if
Anthony Lopes,85,GK,if
Rui Patrício,85,GK,if
Marc-André ter Stegen,85,GK,nif
Danijel Subašić,85,GK,nif
Bernd Leno,85,GK,nif
Stéphane Ruffier,85,GK,nif
Keylor Navas,85,GK,nif
Fernando Muslera,84,GK,if
Gianluigi Donnarumma,84,GK,motm
Rune Almenning Jarstein,84,GK,if
Anthony Lopes,84,GK,nif
Mattia Perin,84,GK,nif
Ederson,84,GK,nif
Sergio Rico,84,GK,if
Emiliano Viviano,84,GK,if
Andrea Consigli,84,GK,if
Salvatore Sirigu,84,GK,if
Lukáš Hrádecký,84,GK,if
Steve Mandanda,84,GK,if
Adán,84,GK,if
Sergio Asenjo,84,GK,nif
Ralf Fährmann,84,GK,nif
Roman Bürki,84,GK,nif
Timo Horn,84,GK,nif
Lukáš Hrádecký,83,GK,nif
Oliver Baumann,83,GK,nif
Rune Almenning Jarstein,83,GK,nif
Andrea Consigli,83,GK,nif
Neto,83,GK,if
Benjamin Lecomte,83,GK,if
Łukasz Fabiański,83,GK,if
Casillas,83,GK,nif
Rui Patrício,83,GK,nif
Ederson,83,GK,nif
Anthony Lopes,83,GK,nif
Mattia Perin,83,GK,nif
Kasper Schmeichel,83,GK,nif
Yann Sommer,83,GK,nif
José Reina,83,GK,nif
Gerónimo Rulli,83,GK,nif
Diego López,83,GK,nif
Tiago Volpi,82,GK,if
Jeroen Zoet,82,GK,if
Stefano Sorrentino,82,GK,if
Ron-Robert Zieler,82,GK,if
Joe Hart,82,GK,ptg
Salvatore Sirigu,82,GK,if
Benoît Costil,82,GK,nif
Fernando Muslera,82,GK,nif
Wojciech Szczęsny,82,GK,nif
Asmir Begović,82,GK,nif
Rune Almenning Jarstein,82,GK,nif
Steve Mandanda,82,GK,nif
Oliver Baumann,82,GK,nif
Orestis Karnezis,82,GK,nif
Claudio Bravo,82,GK,nif
Andrea Consigli,82,GK,nif
Emiliano Viviano,82,GK,nif
Kevin Trapp,82,GK,nif
Joe Hart,82,GK,nif
Gianluigi Donnarumma,82,GK,nif
Moyá,81,GK,nif
Alexandr Belenov,81,GK,if
Arrizabalaga,81,GK,nif
Pau López,81,GK,nif
Alban Lafont,81,GK,if
Jaume,81,GK,motm
Matheus,81,GK,if
Iván Cuéllar,81,GK,if
Herrerín,81,GK,if
Sven Ulreich,81,GK,if
Beto,81,GK,if
Volkan Demirel,81,GK,if
Artur Boruc,81,GK,if
Lukáš Hrádecký,81,GK,nif
Adán,81,GK,nif
Jack Butland,81,GK,nif
Vincent Enyeama,81,GK,nif
Simon Mignolet,81,GK,nif
Sergio Rico,81,GK,nif
Moyá,81,GK,nif
Jasper Cillessen,81,GK,nif
Salvatore Sirigu,80,GK,nif
Robin Olsen,80,GK,if
Thomas Strakosha,80,GK,if
Mamadou Samassa,80,GK,if
Júlio César,80,GK,nif
Alisson,80,GK,nif
Tom Heaton,80,GK,nif
Kiko Casilla,80,GK,nif
Łukasz Fabiański,80,GK,nif
Carlos Idriss Kameni,80,GK,nif
Ben Foster,80,GK,nif
Federico Marchetti,80,GK,nif
Neto,80,GK,nif
Gomes,80,GK,nif
Antonio Mirante,80,GK,nif
Sergio Romero,80,GK,nif
Loris Karius,80,GK,nif
Péter Gulácsi,79,GK,nif
Ciprian Tătăruşanu,79,GK,nif
Jordan Pickford,79,GK,nif
Fraser Forster,79,GK,scream
Volkan Babacan,79,GK,nif
Stanislav Kritsyuk,79,GK,nif
Martín Campaña,79,GK,nif
Jeroen Zoet,79,GK,nif
Igor Akinfeev,79,GK,nif
Fabricio,79,GK,nif
Andriy Pyatov,79,GK,nif
Benjamin Lecomte,79,GK,nif
Adrián,79,GK,nif
René Adler,79,GK,nif
Arrizabalaga,79,GK,nif
Salvatore Sirigu,79,GK,nif
Alphonse Areola,79,GK,nif
Cédric Carrasso,79,GK,nif
Guillermo Ochoa,79,GK,nif
David Ospina,79,GK,nif
Marwin Hitz,79,GK,nif
Roberto,79,GK,nif
Michel Vorm,79,GK,nif
Willy Caballero,79,GK,nif
Ron-Robert Zieler,79,GK,nif
Stefano Sorrentino,79,GK,nif
Yoan Cardinale,79,GK,nif
Yasser Al Mosailem,78,GK,if
Alexandr Selikhov,78,GK,nif
Herrerín,78,GK,nif
Jiří Pavlenka,78,GK,nif
Kenneth Vermeer,78,GK,nif
Hendrik Van Crombrugge,78,GK,if
Alberto Brignoli,78,GK,if
Federico Agliardi,78,GK,if
Sergio Herrera,78,GK,if
Colin Coosemans,78,GK,if
Andrey Lunev,78,GK,nif
Sergey Ryzhikov,78,GK,nif
Marcelo Barovero,78,GK,nif
Kenneth Vermeer,78,GK,nif
Tiago Volpi,78,GK,nif
Nahuel Guzmán,78,GK,nif
Marafona,78,GK,nif
André Onana,78,GK,nif
Agustín Marchesín,78,GK,nif
Tim Howard,78,GK,nif
Guilherme,78,GK,nif
Marco Sportiello,78,GK,nif
Fraser Forster,78,GK,nif
Etrit Berisha,78,GK,nif
Koen Casteels,78,GK,nif
Stefanos Kapino,77,GK,nif
Soslan Dzhanaev,77,GK,nif
Mariano Barbosa,77,GK,nif
Thomas Strakosha,77,GK,nif
Juan Carlos,77,GK,if
Franco Armani,77,GK,nif
Pau López,77,GK,nif
Lovre Kalinić,77,GK,nif
Bruno Varela,77,GK,nif
Sebastián Torrico,77,GK,nif
Franco Armani,77,GK,nif
Stefanos Kapino,77,GK,nif
Onur Kıvrak,77,GK,nif
Mariano Andújar,77,GK,nif
Brad Jones,77,GK,nif
Itumeleng Khune,77,GK,nif
Alfredo Talavera,77,GK,nif
Tomáš Vaclík,77,GK,nif
Tim Krul,77,GK,nif
Ciprian Tătăruşanu,77,GK,nif
Mathew Ryan,77,GK,nif
Sergio,77,GK,nif
Baptiste Reynet,77,GK,nif
Iraizoz,77,GK,nif
Artur Boruc,77,GK,nif
Alban Lafont,77,GK,nif
Roman Weidenfeller,77,GK,nif
Pacheco,77,GK,nif
Denys Boyko,77,GK,nif
Jordan Pickford,77,GK,nif
Diego Benaglio,77,GK,nif
Yoel,77,GK,nif
Javi Varas,77,GK,nif
Régis Gurtner,76,GK,nif
Costel Pantilimon,76,GK,nif
Alexandre Letellier,76,GK,nif
Jessy Moulin,76,GK,if
Marcos Díaz,76,GK,nif
Yuriy Lodygin,76,GK,nif
Rodrigo Rey,76,GK,nif
José Sá,76,GK,nif
Matheus,76,GK,nif
Francesco Bardi,76,GK,nif
Beto,76,GK,nif
Thomas Kraft,76,GK,nif
Mikhail Kerzhakov,76,GK,nif
Jonathan Orozco,76,GK,nif
José de Jesús Corona,76,GK,nif
Žydrūnas Karčemarskas,76,GK,nif
Volkan Demirel,76,GK,nif
Silvio Proto,76,GK,nif
Benjamin van Leer,76,GK,nif
Sergio Padt,76,GK,nif
Alexandr Belenov,76,GK,nif
Riesgo,76,GK,nif
Serantes,76,GK,nif
Felix Wiedwald,76,GK,nif
Rémy Vercoutre,76,GK,nif
Łukasz Skorupski,76,GK,nif
Alexandre Letellier,76,GK,nif
Marco Storari,76,GK,nif
Andrés Fernández,76,GK,nif
Costel Pantilimon,76,GK,nif
Herrerín,76,GK,nif
Sven Ulreich,76,GK,nif
Péter Gulácsi,76,GK,nif
Germán Lux,76,GK,nif
Diego Mariño,75,GK,nif
Bartosz Białkowski,75,GK,nif
Cristopher Toselli,75,GK,nif
Andre Blake,75,GK,nif
Cláudio Ramos,75,GK,nif
Cho Hyun Woo,75,GK,nif
Yassine Bounou,75,GK,nif
Mike Maignan,75,GK,nif
Nick Pope,75,GK,nif
David Da Costa,75,GK,if
Fernando Monetti,75,GK,nif
Camilo Vargas,75,GK,nif
Fernando Monetti,75,GK,nif
Camilo Vargas,75,GK,nif
Isaac Becerra,75,GK,nif
Sebastián Sosa,75,GK,nif
Matz Sels,75,GK,nif
Harun Tekin,75,GK,nif
David Jensen,75,GK,nif
Dani Hernández,75,GK,nif
Cristopher Toselli,75,GK,nif
Soslan Dzhanaev,75,GK,nif
Douglas,75,GK,nif
Gottardi,75,GK,nif
Ricardo,75,GK,nif
Keiren Westwood,75,GK,nif
Ramazan Özcan,75,GK,nif
Mariano Barbosa,75,GK,nif
Alex McCarthy,75,GK,nif
Yvon Mvogo,75,GK,nif
Eduardo,75,GK,nif
Maarten Stekelenburg,75,GK,nif
Alexander Schwolow,75,GK,nif
Christian Mathenia,75,GK,nif
Jaume,75,GK,nif
Rubén Blanco,75,GK,nif
Vito Mannone,75,GK,nif
Albano Bizzarri,75,GK,nif
Yohann Pelé,75,GK,nif
Iván Cuéllar,75,GK,nif
Karl-Johan Johnsson,75,GK,nif
Simone Scuffet,75,GK,nif
Rafael,75,GK,nif
Michael Esser,75,GK,nif
Jean-Louis Leca,75,GK,nif
Juan Pablo Carrizo,75,GK,nif
Jonas Lössl,75,GK,nif
Tomáš Koubek,74,GK,nif
Gabriel,74,GK,nif
Ludovic Butelle,74,GK,transfer
Vladimir Gabulov,74,GK,transfer
Bill Hamid,74,GK,transfer
Jiří Pavlenka,74,GK,nif
Yoon Bo Sang,74,GK,nif
Marko Dmitrović,74,GK,nif
Pedro Gallese,74,GK,nif
Alex Meret,74,GK,nif
Warner Hahn,74,GK,nif
Guillermo Sara,74,GK,nif
José Cuadrado,74,GK,nif
Alexandr Selikhov,74,GK,nif
Robin Olsen,74,GK,nif
Luigi Sepe,74,GK,nif
Johannes Hopf,74,GK,nif
Mamadou Samassa,74,GK,nif
Eloy Room,74,GK,nif
Fabiano,74,GK,nif
Mitchell Langerak,74,GK,nif
David Stockdale,74,GK,nif
Ruud Boffin,74,GK,nif
Kwoun Sun Tae,74,GK,nif
Johnny Herrera,74,GK,nif
Andrey Sinitsyn,74,GK,nif
Cássio,74,GK,nif
Scott Carson,74,GK,nif
Artem Rebrov,74,GK,nif
Vladimir Gabulov,74,GK,nif
Serkan Kırıntılı,74,GK,nif
Luciano Pocrnjic,74,GK,nif
Agustín Orión,74,GK,nif
Michael Rensing,74,GK,nif
Bram Castro,74,GK,nif
Craig Gordon,74,GK,nif
Ludovic Butelle,74,GK,nif
Allan McGregor,74,GK,nif
Konstantinos Lamprou,74,GK,nif
Bill Hamid,74,GK,nif
Joel Robles,74,GK,nif
Thomas Strakosha,74,GK,nif
Wayne Hennessey,74,GK,nif
Romain Salin,74,GK,nif
Gabriel,74,GK,nif
Darren Randolph,74,GK,nif
Jaroslav Drobný,74,GK,nif
Laurent Pionnier,74,GK,nif
Rafael,74,GK,nif
Daniele Padelli,74,GK,nif
Geoffrey Jourdren,74,GK,nif
Diego Mariño,74,GK,nif
David Marshall,74,GK,nif
Da Costa,74,GK,nif
Rémy Riou,74,GK,nif
David Ousted,73,GK,nif
Tim Boss,73,GK,if
Vid Belec,73,GK,nif
Nicolás Vikonis,73,GK,nif
Giorgi Makaridze,73,GK,nif
Martin Hansen,73,GK,transfer
Adam Federici,73,GK,transfer
Charles,73,GK,nif
Alessandro Micai,73,GK,nif
Leandro Castellanos,73,GK,nif
Nicolás Vikonis,73,GK,nif
Mykyta Shevchenko,73,GK,nif
Mohammed Khalil Al Owais,73,GK,nif
Silviu Lung Jr.,73,GK,nif
Alfred Gomis,73,GK,nif
Frederik Rønnow,73,GK,nif
Marco Bizot,73,GK,nif
Vid Belec,73,GK,nif
Giorgi Loria,73,GK,nif
Leandro Chichizola,73,GK,nif
Giorgi Makaridze,73,GK,nif
Guaita,73,GK,nif
David Yurchenko,73,GK,nif
Hugo González,73,GK,nif
Alberto,73,GK,nif
Raúl Fernández,73,GK,nif
Muriel,73,GK,nif
Alex Smithies,73,GK,nif
Oleksandr Rybka,73,GK,nif
Miguel Fraga,73,GK,nif
Anton Shunin,73,GK,nif
Oscar Ustari,73,GK,nif
Remko Pasveer,73,GK,nif
David Ousted,73,GK,nif
Bartosz Białkowski,73,GK,nif
Ali Al-Habsi,73,GK,nif
Tolga Zengin,73,GK,nif
Jesper Hansen,73,GK,nif
Nicolas Douchez,73,GK,nif
Steeve Elana,73,GK,nif
Tomasz Kuszczak,73,GK,nif
Andreas Isaksson,73,GK,nif
Nicolas Penneteau,73,GK,nif
Robbin Ruiter,73,GK,nif
Rob Green,73,GK,nif
Boaz Myhill,73,GK,nif
Andre Blake,73,GK,nif
Raúl Lizoain,73,GK,nif
Ørjan Nyland,73,GK,nif
David Soria,73,GK,nif
Adam Federici,73,GK,nif
Mathieu Michel,73,GK,nif
Martin Hansen,73,GK,nif
Kristoffer Nordfeldt,73,GK,nif
Lee Grant,73,GK,nif
Tobias Sippel,73,GK,nif
Ricardo Jérez,72,GK,transfer
Rodolfo Cota,72,GK,transfer
Masaaki Higashiguchi,72,GK,nif
Lee Ho Seung,72,GK,nif
Álex Remiro,72,GK,nif
Rafael Defendi,72,GK,nif
Munir,72,GK,nif
Diego Rodríguez,72,GK,nif
Ricardo Jérez,72,GK,nif
Alessio Cragno,72,GK,nif
Adriano Facchini,72,GK,nif
Edgar Badía,72,GK,nif
Evgeniy Gorodov,72,GK,nif
Kim Jin Hyeon,72,GK,nif
Tim Melia,72,GK,nif
Balázs Megyeri,72,GK,nif
Manuel Riemann,72,GK,nif
Rafał Gikiewicz,72,GK,nif
Fabian Giefer,72,GK,nif
Wes Foderingham,72,GK,nif
Sergey Pesyakov,72,GK,nif
Rodolfo Cota,72,GK,nif
Luis Ardente,72,GK,nif
Vagner,72,GK,nif
Erwin Mulder,72,GK,nif
Luis Robles,72,GK,nif
Carlos Felipe Rodríguez,72,GK,nif
Lucero Álvarez,72,GK,nif
Samir Ujkani,72,GK,nif
John Ruddy,72,GK,nif
Mark Bunn,72,GK,nif
Philipp Tschauner,72,GK,nif
Cristian Campestrini,72,GK,nif
Moisés Muñoz,72,GK,nif
Joe Lewis,72,GK,nif
Shin Hwa Yong,72,GK,nif
Rubén,72,GK,nif
Frank Boeckx,72,GK,nif
Toño,72,GK,nif
Kevin Stuhr-Ellegaard,72,GK,nif
Jean-François Gillet,72,GK,nif
Johan Wiland,72,GK,nif
Moreira,72,GK,nif
Nick Rimando,72,GK,nif
Gianluca Pegolo,72,GK,nif
Eugenio Lamanna,72,GK,nif
Brad Guzan,72,GK,nif
Thomas Didillon,72,GK,nif
Guy-Roland Ndy Assembe,72,GK,nif
Maxime Dupé,72,GK,nif
Mike Maignan,72,GK,nif
Eldin Jakupović,72,GK,nif
Przemysław Tytoń,72,GK,nif
Alex Cordaz,72,GK,nif
Mauro Goicoechea,72,GK,nif
Christian Puggioni,71,GK,nif
Nicola Leali,71,GK,nif
Connor Ripley,71,GK,transfer
Syarhey Chernik,71,GK,nif
Sebastián Bertoli,71,GK,nif
Miguel Silva,71,GK,nif
Sergio Herrera,71,GK,nif
Ethan Horvath,71,GK,nif
Shusaku Nishikawa,71,GK,nif
Alejandro Sánchez,71,GK,nif
William Dutoit,71,GK,nif
Cho Hyun Woo,71,GK,nif
Yassine Bounou,71,GK,nif
Esteban Andrada,71,GK,nif
Connor Ripley,71,GK,nif
Nicola Leali,71,GK,nif
Colin Coosemans,71,GK,nif
Lars Unnerstall,71,GK,nif
Alexander Domínguez,71,GK,nif
Cláudio Ramos,71,GK,nif
Mika,71,GK,nif
Daniel Bentley,71,GK,nif
Yasser Al Mosailem,71,GK,nif
Oscar Jiménez,71,GK,nif
Kim Seung Gyu,71,GK,nif
Alireza Haghighi,71,GK,nif
André Hansen,71,GK,nif
Mert Günok,71,GK,nif
Cristian Álvarez,71,GK,nif
Dušan Kuciak,71,GK,nif
Panagiotis Glykos,71,GK,nif
Martin Männel,71,GK,nif
Davide Bassi,71,GK,nif
Cenk Gönen,71,GK,nif
Régis Gurtner,71,GK,nif
Marco Knaller,71,GK,nif
Juan Carlos,71,GK,nif
Johan Dahlin,71,GK,nif
Robert Almer,71,GK,nif
Ilya Abaev,71,GK,nif
Sebastián Viera,71,GK,nif
Nereo Fernández,71,GK,nif
Paweł Kieszek,71,GK,nif
Sammy Bossut,71,GK,nif
Óscar Pérez,71,GK,nif
Hakan Arıkan,71,GK,nif
Julián Speroni,71,GK,nif
Matúš Putnocký,71,GK,nif
Ádám Bogdán,71,GK,nif
Bartłomiej Drągowski,71,GK,nif
Joel Pereira,71,GK,nif
Heinz Lindner,71,GK,nif
Walter Benítez,71,GK,nif
Jérôme Prior,71,GK,nif
Thomas Kessler,71,GK,nif
Fabio Coltorti,71,GK,nif
Eiji Kawashima,71,GK,nif
Andreas Luthe,71,GK,nif
Nereo Champagne,71,GK,nif
Vincenzo Fiorillo,71,GK,nif
Christian Puggioni,71,GK,nif
Yang Han Been,70,GK,nif
Piotr Leciejewski,70,GK,nif
Stephen Henderson,70,GK,nif
Lee Camp,70,GK,nif
Augusto Batalla,70,GK,transfer
André Moreira,70,GK,transfer
Filip Manojlović,70,GK,nif
Ratón,70,GK,nif
Roy Kortsmit,70,GK,nif
Hidde Jurjus,70,GK,nif
Augusto Batalla,70,GK,nif
André Moreira,70,GK,nif
Bingourou Kamara,70,GK,nif
Julian Pollersbeck,70,GK,nif
Julio Chiarini,70,GK,nif
Muammer Yıldırım,70,GK,nif
Ezequiel Unsain,70,GK,nif
Ernesto Hernández,70,GK,nif
Raffaele Di Gennaro,70,GK,nif
Manuel García,70,GK,nif
Marius Gersbeck,70,GK,nif
Odisseas Vlachodimos,70,GK,nif
Stole Dimitrievski,70,GK,nif
Rui Silva,70,GK,nif
Jakob Busk,70,GK,nif
Chris Maxwell,70,GK,nif
Mirko Salvi,70,GK,nif
Joel Silva,70,GK,nif
Robin Himmelmann,70,GK,nif
Sam Johnstone,70,GK,nif
Guillaume Hubert,70,GK,nif
Paulo Gazzaniga,70,GK,nif
Hendrik Van Crombrugge,70,GK,nif
Yu Sang Hun,70,GK,nif
David Mitov Nilsson,70,GK,nif
Emiliano Martinez,70,GK,nif
Mejías,70,GK,nif
Jordi Masip,70,GK,nif
Ali Ahamada,70,GK,nif
Abdoulaye Diallo,70,GK,nif
Željko Brkić,70,GK,nif
Yaroslav Godzyur,70,GK,nif
António Filipe,70,GK,nif
Karl Darlow,70,GK,nif
Jasmin Burić,70,GK,nif
Toño Ramirez,70,GK,nif
Simone Colombi,70,GK,nif
Declan Rudd,70,GK,nif
Thomas Kaminski,70,GK,nif
Essam El Hadary,70,GK,nif
Paulo Garcés,70,GK,nif
René,70,GK,nif
Jens Grahl,70,GK,nif
Sten Michael Grytebust,70,GK,nif
David González,70,GK,nif
Oier,70,GK,nif
Wayne Sandilands,70,GK,nif
Andreas Lukse,70,GK,nif
Johann Carrasso,70,GK,nif
Danny Vukovic,70,GK,nif
Jung Sung Ryong,70,GK,nif
Andris Vaņins,70,GK,nif
Ján Mucha,70,GK,nif
Jasmin Fejzić,70,GK,nif
Piotr Leciejewski,70,GK,nif
Stephen Henderson,70,GK,nif
Carl Ikeme,70,GK,nif
Arkadiusz Malarz,70,GK,nif
Ahmet Şahin,70,GK,nif
Davino Verhulst,70,GK,nif
Bogdan Lobonţ,70,GK,nif
Stephan Andersen,70,GK,nif
Alexander Walke,70,GK,nif
Cifuentes,70,GK,nif
Federico Agliardi,70,GK,nif
Michael Langer,70,GK,nif
Lee Camp,70,GK,nif
Matt Gilks,70,GK,nif
Manu Herrera,70,GK,nif
Danny Ward,70,GK,nif
Alberto Brignoli,70,GK,nif
Davy Roef,70,GK,nif
Dani Giménez,70,GK,nif
Benjamin Leroy,70,GK,nif
Pierluigi Gollini,70,GK,nif
Denis Petrić,70,GK,nif
Andrea Seculin,70,GK,nif
Adrián Ortolá,70,GK,nif
David Bingham,69,GK,nif
José Antonio Rodríguez,69,GK,transfer
Alexandr Dovbnya,69,GK,nif
Vasilios Barkas,69,GK,nif
Caro,69,GK,nif
Gu Sung Yun,69,GK,nif
Kosuke Nakamura,69,GK,nif
Vanja Milinković-Savić,69,GK,nif
Marvin Schwäbe,69,GK,nif
Paul Bernardoni,69,GK,nif
Ali Şaşal Vural,69,GK,nif
Sergio Rochet,69,GK,nif
Fabian Bredlow,69,GK,nif
Lee Tae Hee,69,GK,nif
Jorn Brondeel,69,GK,nif
Gibrán Lajud,69,GK,nif
Shuichi Gonda,69,GK,nif
Patrik Carlgren,69,GK,nif
César Rigamonti,69,GK,nif
Axel Werner,69,GK,nif
Alan Aguerre,69,GK,nif
Cristian Bonilla,69,GK,nif
Anton Mitryushkin,69,GK,nif
Abdullah Al Mayoof,69,GK,nif
Brilliant Khuzwayo,69,GK,nif
Mouez Hassen,69,GK,nif
Mandé Sayouba,69,GK,nif
André Weis,69,GK,nif
Kevin Müller,69,GK,nif
Anton Kochenkov,69,GK,nif
David Bingham,69,GK,nif
Joe Bendik,69,GK,nif
Nick Marsman,69,GK,nif
Jonathan Ligali,69,GK,nif
Steve Clark,69,GK,nif
Juan Carlos,69,GK,nif
Pedro Trigueira,69,GK,nif
Milan Lukač,69,GK,nif
Marco Silvestri,69,GK,nif
Carlo Pinsoglio,69,GK,nif
Daniel Bernhardt,69,GK,nif
Alfredo Saldívar,69,GK,nif
Sébastien Bruzzese,69,GK,nif
Thorsten Kirschbaum,69,GK,nif
Mário Felgueiras,69,GK,nif
Patric Klandt,69,GK,nif
Miguel Pinto,69,GK,nif
Didier Ovono,69,GK,nif
Frank Fielding,69,GK,nif
Rob Elliot,69,GK,nif
Adam Larsen Kwarasey,69,GK,nif
Nicolás Navarro,69,GK,nif
Sinan Bolat,69,GK,nif
Marián Kelemen,69,GK,nif
Sergey Narubin,69,GK,nif
Robinson Zapata,69,GK,nif
Jorge Carranza,69,GK,nif
Antonio Rosati,69,GK,nif
Cristian Muñoz,69,GK,nif
Hitoshi Sogahata,69,GK,nif
Damien Perquis,69,GK,nif
Quim,69,GK,nif
Luke Steele,69,GK,nif
Diederik Boer,69,GK,nif
Matej Delač,69,GK,nif
Ivan Vargić,69,GK,nif
Mario Fernández,69,GK,nif
Paul Delecroix,69,GK,nif
Matthieu Dreyer,69,GK,nif
Daniel Heuer Fernandes,69,GK,nif
José Antonio Rodríguez,69,GK,nif
Dean Henderson,68,GK,nif
Stefan Marinovic,68,GK,nif
Kang Hyeon Mu,68,GK,nif
Jannik Huth,68,GK,nif
Oh Seung Hoon,68,GK,nif
Mirko Pigliacelli,68,GK,transfer
Kim Ho Jun,68,GK,transfer
John Alvbåge,68,GK,transfer
Ufuk Ceylan,68,GK,transfer
Tom Müller,68,GK,if
Álvaro Villete,68,GK,nif
Zack Steffen,68,GK,nif
Edouard Mendy,68,GK,nif
Oh Seung Hoon,68,GK,nif
Agustín Rossi,68,GK,nif
Lucas Pirard,68,GK,nif
Timon Wellenreuther,68,GK,nif
Abdulaziz Demircan,68,GK,nif
Carlos Abad,68,GK,nif
Jacob Rinne,68,GK,nif
Osman Hadžikić,68,GK,nif
Saturnin Allagbé,68,GK,nif
Angus Gunn,68,GK,nif
Rodrigo Naranjo,68,GK,nif
Diego Sánchez,68,GK,nif
Alvaro Salazar,68,GK,nif
Jesse Gonzalez,68,GK,nif
Sondre Løvseth Rossbach,68,GK,nif
Clint Irwin,68,GK,nif
Markus Kolke,68,GK,nif
Mark Flekken,68,GK,nif
Per Kristian Bråtveit,68,GK,nif
Richard Strebinger,68,GK,nif
Igor Stefanović,68,GK,nif
Mickey van der Hart,68,GK,nif
Marius Müller,68,GK,nif
Mirko Pigliacelli,68,GK,nif
Nicolas,68,GK,nif
Nihat Şahin,68,GK,nif
Cristiano,68,GK,nif
Jak Alnwick,68,GK,nif
Marcus Bettinelli,68,GK,nif
Nick Pope,68,GK,nif
Irureta,68,GK,nif
Jake Gleeson,68,GK,nif
Zac MacMath,68,GK,nif
Zacharie Boucher,68,GK,nif
Adam Davies,68,GK,nif
Stefan Ortega,68,GK,nif
Max Grün,68,GK,nif
Marc Vidal,68,GK,nif
Tyler Deric,68,GK,nif
Aitor,68,GK,nif
Jörg Siebenhandl,68,GK,nif
Bobby Shuttleworth,68,GK,nif
Neil Etheridge,68,GK,nif
Jesús Fernández,68,GK,nif
Parfait Mandanda,68,GK,nif
Sean Johnson,68,GK,nif
Oscar Jansson,68,GK,nif
Stefan Frei,68,GK,nif
Mark Birighitti,68,GK,nif
Kim Ho Jun,68,GK,nif
William Yarbrough,68,GK,nif
Kenneth Kronholm,68,GK,nif
Gaëtan Deneuve,68,GK,nif
Wolfgang Hesl,68,GK,nif
Alexandre Oukidja,68,GK,nif
Bréiner Castillo,68,GK,nif
Kenny Steppe,68,GK,nif
David Button,68,GK,nif